order_item_id,order_id,vehicle_id,quantity,unit_price,discount,line_total
1,1,14,1,48500.0,3440.32,45059.68
2,2,16,1,23000.0,1275.49,21724.51
3,3,7,1,36500.0,2082.37,34417.63
4,4,12,1,84500.0,3896.07,80603.93
5,5,2,1,37500.0,1924.25,35575.75
6,6,19,1,49500.0,1848.91,47651.09
7,7,15,1,54500.0,3008.77,51491.23
8,8,7,1,36500.0,1181.32,35318.68
9,9,5,1,42000.0,2018.13,39981.87
10,10,9,1,44000.0,1237.97,42762.03
11,11,2,1,37500.0,2754.14,34745.86
12,12,3,1,34000.0,880.97,33119.03
13,13,3,3,34000.0,6028.86,95971.14
14,14,2,1,37500.0,3049.88,34450.12
15,15,20,1,62000.0,3990.24,58009.76
16,16,20,1,62000.0,1609.96,60390.04
17,17,6,1,31000.0,2305.21,28694.79
18,18,13,1,56000.0,1938.65,54061.35
19,19,15,1,54500.0,3485.42,51014.58
20,20,16,1,23000.0,1484.69,21515.31
21,21,4,1,46500.0,3096.17,43403.83
22,22,17,1,38500.0,3241.88,35258.12
23,23,11,1,69000.0,4344.09,64655.91
24,24,6,1,31000.0,2616.28,28383.72
25,25,12,1,84500.0,5238.81,79261.19
26,26,3,1,34000.0,1224.24,32775.76
27,27,9,1,44000.0,3594.19,40405.81
28,28,19,1,49500.0,3849.86,45650.14
29,29,4,1,46500.0,3741.9,42758.1
30,30,1,1,28500.0,1547.61,26952.39
31,31,4,1,46500.0,2402.39,44097.61
32,32,11,2,69000.0,5736.18,132263.82
33,33,1,2,28500.0,2266.02,54733.98
34,34,1,1,28500.0,827.52,27672.48
35,35,14,1,48500.0,1736.49,46763.51
36,36,15,1,54500.0,2426.55,52073.45
37,37,12,1,84500.0,5596.72,78903.28
38,38,13,1,56000.0,4118.34,51881.66
39,39,11,1,69000.0,4952.35,64047.65
40,40,18,1,82000.0,2362.25,79637.75
41,41,4,1,46500.0,3208.5,43291.5
42,42,14,1,48500.0,1310.79,47189.21
43,43,1,1,28500.0,737.71,27762.29
44,44,9,1,44000.0,2311.51,41688.49
45,45,17,1,38500.0,1527.56,36972.44
46,46,19,2,49500.0,3122.16,95877.84
47,47,10,1,78500.0,5917.25,72582.75
48,48,7,1,36500.0,2566.03,33933.97
49,49,9,1,44000.0,1420.7,42579.3
50,50,4,1,46500.0,2377.49,44122.51
51,51,9,1,44000.0,2346.37,41653.63
52,52,7,1,36500.0,1348.9,35151.1
53,53,5,1,42000.0,3118.3,38881.7
54,54,11,2,69000.0,4499.1,133500.9
55,55,20,1,62000.0,2094.95,59905.05
56,56,11,1,69000.0,2977.59,66022.41
57,57,7,1,36500.0,3004.74,33495.26
58,58,1,1,28500.0,1337.83,27162.17
59,59,15,1,54500.0,2542.94,51957.06
60,60,9,1,44000.0,1823.82,42176.18
61,61,6,3,31000.0,7184.7,85815.3
62,62,13,1,56000.0,3877.84,52122.16
63,63,9,1,44000.0,1321.68,42678.32
64,64,2,1,37500.0,3030.61,34469.39
65,65,3,1,34000.0,2639.48,31360.52
66,66,17,1,38500.0,1592.67,36907.33
67,67,6,1,31000.0,843.32,30156.68
68,68,3,1,34000.0,1897.08,32102.92
69,69,6,1,31000.0,1869.41,29130.59
70,70,6,1,31000.0,1643.32,29356.68
71,71,6,1,31000.0,2037.11,28962.89
72,72,4,2,46500.0,7751.14,85248.86
73,73,17,1,38500.0,1658.46,36841.54
74,74,10,1,78500.0,3818.46,74681.54
75,75,14,3,48500.0,8848.77,136651.23
76,76,12,1,84500.0,4131.28,80368.72
77,77,6,1,31000.0,2302.57,28697.43
78,78,13,1,56000.0,2759.03,53240.97
79,79,4,1,46500.0,2846.64,43653.36
80,80,17,1,38500.0,1147.32,37352.68
81,81,5,1,42000.0,1900.4,40099.6
82,82,1,1,28500.0,1975.64,26524.36
83,83,14,1,48500.0,1922.83,46577.17
84,84,8,1,21500.0,1802.04,19697.96
85,85,9,1,44000.0,3726.58,40273.42
86,86,20,1,62000.0,3033.05,58966.95
87,87,4,1,46500.0,1212.92,45287.08
88,88,18,1,82000.0,2111.83,79888.17
89,89,1,1,28500.0,2169.92,26330.08
90,90,1,1,28500.0,979.09,27520.91
91,91,5,1,42000.0,2003.64,39996.36
92,92,15,1,54500.0,2729.95,51770.05
93,93,5,1,42000.0,3379.87,38620.13
94,94,20,1,62000.0,3076.29,58923.71
95,95,3,1,34000.0,2791.77,31208.23
96,96,19,1,49500.0,2195.99,47304.01
97,97,11,3,69000.0,16006.29,190993.71
98,98,18,1,82000.0,2645.23,79354.77
99,99,19,1,49500.0,3106.43,46393.57
100,100,18,1,82000.0,5964.12,76035.88
101,101,15,1,54500.0,3650.07,50849.93
102,102,10,1,78500.0,6412.47,72087.53
103,103,8,1,21500.0,573.63,20926.37
104,104,18,1,82000.0,3596.34,78403.66
105,105,6,1,31000.0,2222.11,28777.89
106,106,2,1,37500.0,1834.11,35665.89
107,107,8,1,21500.0,867.83,20632.17
108,108,19,1,49500.0,1631.17,47868.83
109,109,4,1,46500.0,1487.27,45012.73
110,110,20,2,62000.0,8721.24,115278.76
111,111,11,1,69000.0,2864.69,66135.31
112,112,2,1,37500.0,1909.53,35590.47
113,113,15,1,54500.0,2905.53,51594.47
114,114,20,2,62000.0,7961.98,116038.02
115,115,7,1,36500.0,1587.06,34912.94
116,116,7,1,36500.0,1369.35,35130.65
117,117,18,1,82000.0,2575.63,79424.37
118,118,12,1,84500.0,2413.24,82086.76
119,119,14,1,48500.0,3611.24,44888.76
120,120,1,1,28500.0,952.7,27547.3
121,121,20,1,62000.0,2513.58,59486.42
122,122,12,1,84500.0,2194.64,82305.36
123,123,6,1,31000.0,2260.38,28739.62
124,124,11,2,69000.0,4054.66,133945.34
125,125,4,1,46500.0,2354.25,44145.75
126,126,5,2,42000.0,3051.8,80948.2
127,127,7,1,36500.0,1354.23,35145.77
128,128,17,1,38500.0,2935.67,35564.33
129,129,19,1,49500.0,3389.32,46110.68
130,130,9,1,44000.0,2443.06,41556.94
131,131,3,2,34000.0,4353.76,63646.24
132,132,9,1,44000.0,1470.18,42529.82
133,133,16,1,23000.0,1497.76,21502.24
134,134,6,1,31000.0,2428.21,28571.79
135,135,7,1,36500.0,1057.75,35442.25
136,136,5,1,42000.0,1863.65,40136.35
137,137,4,1,46500.0,1391.81,45108.19
138,138,19,1,49500.0,4170.8,45329.2
139,139,13,1,56000.0,4068.49,51931.51
140,140,16,1,23000.0,1242.71,21757.29
141,141,18,1,82000.0,3306.0,78694.0
142,142,13,1,56000.0,4641.57,51358.43
143,143,17,1,38500.0,1384.33,37115.67
144,144,1,1,28500.0,1624.2,26875.8
145,145,14,1,48500.0,3710.14,44789.86
146,146,10,1,78500.0,2945.74,75554.26
147,147,7,1,36500.0,2207.7,34292.3
148,148,5,1,42000.0,1875.22,40124.78
149,149,9,1,44000.0,1285.86,42714.14
150,150,19,1,49500.0,1737.81,47762.19
151,151,13,2,56000.0,8422.68,103577.32
152,152,9,1,44000.0,2207.86,41792.14
153,153,11,1,69000.0,5191.89,63808.11
154,154,15,1,54500.0,3336.94,51163.06
155,155,11,1,69000.0,1824.96,67175.04
156,156,9,1,44000.0,2277.46,41722.54
157,157,11,1,69000.0,3181.47,65818.53
158,158,17,1,38500.0,3031.75,35468.25
159,159,7,1,36500.0,1116.97,35383.03
160,160,17,1,38500.0,3012.51,35487.49
161,161,16,1,23000.0,884.77,22115.23
162,162,16,1,23000.0,1731.34,21268.66
163,163,19,1,49500.0,4020.16,45479.84
164,164,11,1,69000.0,2158.9,66841.1
165,165,19,1,49500.0,1746.38,47753.62
166,166,11,1,69000.0,5647.03,63352.97
167,167,10,1,78500.0,5171.53,73328.47
168,168,7,1,36500.0,1457.37,35042.63
169,169,6,1,31000.0,1533.09,29466.91
170,170,6,1,31000.0,1978.84,29021.16
171,171,11,1,69000.0,3317.88,65682.12
172,172,20,1,62000.0,2941.91,59058.09
173,173,6,1,31000.0,1110.58,29889.42
174,174,18,1,82000.0,2372.08,79627.92
175,175,3,1,34000.0,1910.48,32089.52
176,176,14,2,48500.0,4619.52,92380.48
177,177,2,1,37500.0,1360.68,36139.32
178,178,2,1,37500.0,2794.64,34705.36
179,179,15,1,54500.0,1601.09,52898.91
180,180,6,1,31000.0,2610.98,28389.02
181,181,9,2,44000.0,4360.6,83639.4
182,182,15,1,54500.0,1783.96,52716.04
183,183,19,1,49500.0,3361.12,46138.88
184,184,16,1,23000.0,852.09,22147.91
185,185,20,1,62000.0,2929.76,59070.24
186,186,9,2,44000.0,7067.32,80932.68
187,187,1,1,28500.0,2202.49,26297.51
188,188,15,2,54500.0,7460.48,101539.52
189,189,11,1,69000.0,5272.99,63727.01
190,190,14,1,48500.0,2995.19,45504.81
191,191,1,1,28500.0,1450.77,27049.23
192,192,7,1,36500.0,1827.32,34672.68
193,193,20,1,62000.0,2901.9,59098.1
194,194,20,1,62000.0,3083.08,58916.92
195,195,19,1,49500.0,3218.47,46281.53
196,196,20,1,62000.0,3523.79,58476.21
197,197,4,1,46500.0,1582.68,44917.32
198,198,4,1,46500.0,3619.27,42880.73
199,199,20,1,62000.0,4019.59,57980.41
200,200,15,1,54500.0,3275.09,51224.91
201,201,5,1,42000.0,1329.65,40670.35
202,202,19,1,49500.0,2478.18,47021.82
203,203,5,1,42000.0,2181.31,39818.69
204,204,12,1,84500.0,3647.24,80852.76
205,205,12,1,84500.0,5758.42,78741.58
206,206,5,1,42000.0,3081.69,38918.31
207,207,2,1,37500.0,2248.7,35251.3
208,208,2,1,37500.0,1911.68,35588.32
209,209,6,1,31000.0,1647.73,29352.27
210,210,4,1,46500.0,3123.5,43376.5
211,211,5,1,42000.0,1918.79,40081.21
212,212,20,1,62000.0,4361.02,57638.98
213,213,6,1,31000.0,2336.89,28663.11
214,214,15,1,54500.0,4240.02,50259.98
215,215,11,1,69000.0,3304.23,65695.77
216,216,11,1,69000.0,2543.71,66456.29
217,217,6,1,31000.0,972.18,30027.82
218,218,16,1,23000.0,592.9,22407.1
219,219,18,2,82000.0,7736.54,156263.46
220,220,13,1,56000.0,4430.18,51569.82
221,221,15,1,54500.0,3355.2,51144.8
222,222,10,1,78500.0,4800.74,73699.26
223,223,7,3,36500.0,8156.67,101343.33
224,224,7,1,36500.0,2058.97,34441.03
225,225,9,1,44000.0,3501.89,40498.11
226,226,12,1,84500.0,3749.11,80750.89
227,227,5,1,42000.0,3156.9,38843.1
228,228,3,1,34000.0,1058.6,32941.4
229,229,9,1,44000.0,2794.4,41205.6
230,230,2,1,37500.0,2384.03,35115.97
231,231,16,1,23000.0,1499.96,21500.04
232,232,14,1,48500.0,2904.91,45595.09
233,233,6,1,31000.0,2327.77,28672.23
234,234,14,1,48500.0,3453.25,45046.75
235,235,12,2,84500.0,7301.18,161698.82
236,236,10,1,78500.0,5353.43,73146.57
237,237,1,1,28500.0,1771.46,26728.54
238,238,12,1,84500.0,2498.32,82001.68
239,239,19,1,49500.0,3592.0,45908.0
240,240,7,1,36500.0,1739.06,34760.94
241,241,16,1,23000.0,608.69,22391.31
242,242,16,1,23000.0,1562.49,21437.51
243,243,18,1,82000.0,4710.57,77289.43
244,244,8,1,21500.0,1777.69,19722.31
245,245,3,1,34000.0,1546.97,32453.03
246,246,1,1,28500.0,890.02,27609.98
247,247,4,1,46500.0,2142.16,44357.84
248,248,14,1,48500.0,2104.58,46395.42
249,249,5,1,42000.0,3446.55,38553.45
250,250,20,1,62000.0,3757.21,58242.79
251,251,14,1,48500.0,3017.37,45482.63
252,252,6,1,31000.0,1897.71,29102.29
253,253,8,1,21500.0,1185.17,20314.83
254,254,17,1,38500.0,1054.48,37445.52
255,255,5,1,42000.0,1613.03,40386.97
256,256,19,1,49500.0,1307.82,48192.18
257,257,2,1,37500.0,1528.75,35971.25
258,258,7,1,36500.0,1889.46,34610.54
259,259,13,1,56000.0,1437.61,54562.39
260,260,18,1,82000.0,5992.03,76007.97
261,261,11,1,69000.0,2747.86,66252.14
262,262,8,1,21500.0,1616.42,19883.58
263,263,1,2,28500.0,2852.22,54147.78
264,264,8,3,21500.0,3500.25,60999.75
265,265,9,1,44000.0,1926.46,42073.54
266,266,20,1,62000.0,4862.85,57137.15
267,267,20,1,62000.0,4488.6,57511.4
268,268,12,1,84500.0,3392.86,81107.14
269,269,19,1,49500.0,3676.34,45823.66
270,270,3,2,34000.0,4801.3,63198.7
271,271,19,2,49500.0,2830.68,96169.32
272,272,17,2,38500.0,5737.06,71262.94
273,273,12,1,84500.0,6634.36,77865.64
274,274,15,1,54500.0,2809.57,51690.43
275,275,20,1,62000.0,2314.35,59685.65
276,276,8,1,21500.0,568.82,20931.18
277,277,9,1,44000.0,2275.66,41724.34
278,278,10,1,78500.0,4463.21,74036.79
279,279,2,1,37500.0,1500.88,35999.12
280,280,10,1,78500.0,3054.35,75445.65
281,281,12,1,84500.0,2503.13,81996.87
282,282,1,1,28500.0,1269.07,27230.93
283,283,13,1,56000.0,2633.76,53366.24
284,284,3,1,34000.0,2855.03,31144.97
285,285,16,1,23000.0,1371.91,21628.09
286,286,10,1,78500.0,2506.68,75993.32
287,287,5,1,42000.0,2183.85,39816.15
288,288,6,1,31000.0,1155.73,29844.27
289,289,3,3,34000.0,6211.2,95788.8
290,290,5,1,42000.0,1112.2,40887.8
291,291,19,1,49500.0,1603.69,47896.31
292,292,9,1,44000.0,3007.51,40992.49
293,293,7,1,36500.0,1828.74,34671.26
294,294,8,1,21500.0,1141.62,20358.38
295,295,17,1,38500.0,3170.09,35329.91
296,296,16,1,23000.0,950.62,22049.38
297,297,15,1,54500.0,4322.42,50177.58
298,298,2,1,37500.0,1643.9,35856.1
299,299,17,1,38500.0,2098.7,36401.3
300,300,3,1,34000.0,1517.37,32482.63
301,301,20,1,62000.0,1557.76,60442.24
302,302,2,1,37500.0,3179.21,34320.79
303,303,3,1,34000.0,2546.88,31453.12
304,304,11,1,69000.0,4478.14,64521.86
305,305,8,1,21500.0,1132.56,20367.44
306,306,7,1,36500.0,1613.19,34886.81
307,307,4,1,46500.0,1696.75,44803.25
308,308,14,1,48500.0,3128.46,45371.54
309,309,3,1,34000.0,2653.81,31346.19
310,310,3,1,34000.0,2424.0,31576.0
311,311,20,1,62000.0,4996.87,57003.13
312,312,16,1,23000.0,1719.78,21280.22
313,313,19,1,49500.0,1992.3,47507.7
314,314,11,1,69000.0,5448.9,63551.1
315,315,15,1,54500.0,4159.11,50340.89
316,316,1,1,28500.0,934.59,27565.41
317,317,10,1,78500.0,4546.79,73953.21
318,318,15,1,54500.0,2466.22,52033.78
319,319,15,1,54500.0,4341.21,50158.79
320,320,16,1,23000.0,1171.71,21828.29
321,321,9,1,44000.0,3135.02,40864.98
322,322,1,1,28500.0,2370.49,26129.51
323,323,11,1,69000.0,2220.78,66779.22
324,324,9,1,44000.0,3253.43,40746.57
325,325,10,1,78500.0,3506.22,74993.78
326,326,4,1,46500.0,1754.85,44745.15
327,327,5,1,42000.0,2441.96,39558.04
328,328,18,1,82000.0,2259.22,79740.78
329,329,14,1,48500.0,1514.77,46985.23
330,330,19,1,49500.0,3597.64,45902.36
331,331,20,1,62000.0,3080.94,58919.06
332,332,9,1,44000.0,2925.03,41074.97
333,333,9,1,44000.0,3632.82,40367.18
334,334,8,1,21500.0,1206.84,20293.16
335,335,2,1,37500.0,2937.61,34562.39
336,336,16,1,23000.0,1305.84,21694.16
337,337,8,1,21500.0,1369.83,20130.17
338,338,3,1,34000.0,2007.0,31993.0
339,339,20,1,62000.0,2767.84,59232.16
340,340,19,1,49500.0,1829.92,47670.08
341,341,11,1,69000.0,3766.64,65233.36
342,342,18,1,82000.0,4221.1,77778.9
343,343,12,1,84500.0,4393.17,80106.83
344,344,10,2,78500.0,13272.06,143727.94
345,345,1,1,28500.0,879.24,27620.76
346,346,10,1,78500.0,4133.13,74366.87
347,347,8,1,21500.0,547.33,20952.67
348,348,5,1,42000.0,2361.06,39638.94
349,349,5,1,42000.0,1705.78,40294.22
350,350,18,1,82000.0,3180.31,78819.69
351,351,4,1,46500.0,1304.12,45195.88
352,352,7,1,36500.0,2774.54,33725.46
353,353,6,1,31000.0,2042.29,28957.71
354,354,16,1,23000.0,1454.11,21545.89
355,355,5,1,42000.0,2743.89,39256.11
356,356,10,1,78500.0,5579.72,72920.28
357,357,4,1,46500.0,2126.03,44373.97
358,358,6,1,31000.0,866.14,30133.86
359,359,10,1,78500.0,4873.71,73626.29
360,360,17,1,38500.0,1249.55,37250.45
361,361,13,1,56000.0,2299.81,53700.19
362,362,5,1,42000.0,2107.9,39892.1
363,363,6,2,31000.0,4341.08,57658.92
364,364,3,1,34000.0,1808.46,32191.54
365,365,15,4,54500.0,13430.04,204569.96
366,366,16,1,23000.0,1064.99,21935.01
367,367,2,1,37500.0,2287.17,35212.83
368,368,1,1,28500.0,1407.87,27092.13
369,369,18,2,82000.0,4205.02,159794.98
370,370,15,1,54500.0,2225.41,52274.59
371,371,5,1,42000.0,1228.7,40771.3
372,372,16,1,23000.0,792.6,22207.4
373,373,6,1,31000.0,1741.61,29258.39
374,374,14,1,48500.0,1551.55,46948.45
375,375,2,1,37500.0,2897.78,34602.22
376,376,1,1,28500.0,1447.45,27052.55
377,377,2,1,37500.0,1198.11,36301.89
378,378,13,1,56000.0,1817.1,54182.9
379,379,16,1,23000.0,969.35,22030.65
380,380,10,1,78500.0,4810.45,73689.55
381,381,1,1,28500.0,1568.25,26931.75
382,382,7,1,36500.0,2444.79,34055.21
383,383,4,1,46500.0,2729.53,43770.47
384,384,10,3,78500.0,17587.32,217912.68
385,385,12,1,84500.0,4873.12,79626.88
386,386,4,1,46500.0,3037.41,43462.59
387,387,5,1,42000.0,3056.63,38943.37
388,388,2,1,37500.0,1061.59,36438.41
389,389,12,1,84500.0,3528.28,80971.72
390,390,8,1,21500.0,1359.88,20140.12
391,391,14,1,48500.0,3166.25,45333.75
392,392,9,1,44000.0,1160.02,42839.98
393,393,7,1,36500.0,1667.48,34832.52
394,394,12,1,84500.0,2114.85,82385.15
395,395,11,1,69000.0,2996.39,66003.61
396,396,14,1,48500.0,3633.62,44866.38
397,397,13,1,56000.0,4350.69,51649.31
398,398,20,1,62000.0,3179.1,58820.9
399,399,20,1,62000.0,1635.26,60364.74
400,400,16,1,23000.0,777.23,22222.77
401,401,20,2,62000.0,8149.88,115850.12
402,402,3,1,34000.0,2852.67,31147.33
403,403,1,1,28500.0,2342.28,26157.72
404,404,9,1,44000.0,2439.43,41560.57
405,405,10,1,78500.0,6495.55,72004.45
406,406,4,1,46500.0,3768.09,42731.91
407,407,20,1,62000.0,3687.49,58312.51
408,408,17,1,38500.0,964.01,37535.99
409,409,14,1,48500.0,2868.85,45631.15
410,410,19,1,49500.0,2407.88,47092.12
411,411,8,1,21500.0,1655.02,19844.98
412,412,6,1,31000.0,2474.95,28525.05
413,413,19,3,49500.0,4658.85,143841.15
414,414,8,1,21500.0,1414.83,20085.17
415,415,2,1,37500.0,1385.58,36114.42
416,416,7,1,36500.0,1906.05,34593.95
417,417,20,1,62000.0,2538.61,59461.39
418,418,18,1,82000.0,2345.9,79654.1
419,419,7,1,36500.0,1269.01,35230.99
420,420,3,2,34000.0,4580.9,63419.1
421,421,5,1,42000.0,1817.45,40182.55
422,422,1,1,28500.0,2083.27,26416.73
423,423,1,1,28500.0,1266.5,27233.5
424,424,13,1,56000.0,3808.24,52191.76
425,425,17,1,38500.0,3237.36,35262.64
426,426,7,1,36500.0,2744.08,33755.92
427,427,9,1,44000.0,2392.38,41607.62
428,428,12,1,84500.0,4546.5,79953.5
429,429,15,1,54500.0,2612.99,51887.01
430,430,7,1,36500.0,1882.45,34617.55
431,431,14,1,48500.0,3777.84,44722.16
432,432,8,1,21500.0,1555.76,19944.24
433,433,8,1,21500.0,745.91,20754.09
434,434,16,1,23000.0,1762.65,21237.35
435,435,15,1,54500.0,2063.06,52436.94
436,436,2,1,37500.0,2170.45,35329.55
437,437,7,1,36500.0,2430.87,34069.13
438,438,3,1,34000.0,2511.93,31488.07
439,439,19,4,49500.0,13851.44,184148.56
440,440,7,1,36500.0,1942.01,34557.99
441,441,14,1,48500.0,3250.67,45249.33
442,442,20,1,62000.0,4234.61,57765.39
443,443,1,1,28500.0,1018.31,27481.69
444,444,7,1,36500.0,2061.85,34438.15
445,445,17,1,38500.0,3259.95,35240.05
446,446,4,1,46500.0,1801.03,44698.97
447,447,4,1,46500.0,1237.95,45262.05
448,448,9,1,44000.0,1259.22,42740.78
449,449,13,1,56000.0,4427.76,51572.24
450,450,20,1,62000.0,3649.67,58350.33
451,451,12,1,84500.0,3557.67,80942.33
452,452,1,1,28500.0,814.07,27685.93
453,453,10,1,78500.0,4526.5,73973.5
454,454,2,1,37500.0,2081.32,35418.68
455,455,7,1,36500.0,2666.75,33833.25
456,456,11,1,69000.0,3106.78,65893.22
457,457,2,1,37500.0,2254.08,35245.92
458,458,2,1,37500.0,1199.58,36300.42
459,459,15,1,54500.0,3167.65,51332.35
460,460,20,1,62000.0,4606.77,57393.23
461,461,11,1,69000.0,2936.43,66063.57
462,462,4,1,46500.0,3218.64,43281.36
463,463,7,1,36500.0,3076.32,33423.68
464,464,13,1,56000.0,1492.16,54507.84
465,465,18,1,82000.0,4527.96,77472.04
466,466,9,1,44000.0,3046.86,40953.14
467,467,11,1,69000.0,3684.36,65315.64
468,468,12,1,84500.0,6125.22,78374.78
469,469,4,1,46500.0,1884.14,44615.86
470,470,11,1,69000.0,2652.9,66347.1
471,471,17,1,38500.0,1831.79,36668.21
472,472,13,1,56000.0,1878.26,54121.74
473,473,17,1,38500.0,3197.8,35302.2
474,474,9,1,44000.0,2143.3,41856.7
475,475,16,2,23000.0,3150.36,42849.64
476,476,18,1,82000.0,3630.39,78369.61
477,477,1,1,28500.0,1042.96,27457.04
478,478,2,1,37500.0,2098.02,35401.98
479,479,16,1,23000.0,1733.83,21266.17
480,480,8,1,21500.0,1737.6,19762.4
481,481,4,1,46500.0,3519.54,42980.46
482,482,20,1,62000.0,3550.68,58449.32
483,483,8,1,21500.0,600.91,20899.09
484,484,16,1,23000.0,1596.97,21403.03
485,485,9,1,44000.0,2269.77,41730.23
486,486,9,1,44000.0,1740.24,42259.76
487,487,13,1,56000.0,3525.62,52474.38
488,488,16,1,23000.0,1003.65,21996.35
489,489,6,1,31000.0,2583.69,28416.31
490,490,8,1,21500.0,1175.45,20324.55
491,491,7,1,36500.0,1488.74,35011.26
492,492,7,1,36500.0,1854.38,34645.62
493,493,18,1,82000.0,5468.0,76532.0
494,494,10,1,78500.0,5034.4,73465.6
495,495,20,1,62000.0,4397.1,57602.9
496,496,6,1,31000.0,1685.07,29314.93
497,497,8,1,21500.0,1603.95,19896.05
498,498,20,1,62000.0,4874.91,57125.09
499,499,18,1,82000.0,3749.07,78250.93
500,500,18,1,82000.0,2577.19,79422.81
501,501,17,2,38500.0,4301.96,72698.04
502,502,3,1,34000.0,2608.17,31391.83
503,503,4,1,46500.0,3911.57,42588.43
504,504,17,1,38500.0,3097.3,35402.7
505,505,2,1,37500.0,2112.05,35387.95
506,506,13,1,56000.0,4077.45,51922.55
507,507,5,1,42000.0,3233.21,38766.79
508,508,19,1,49500.0,2363.69,47136.31
509,509,17,1,38500.0,2600.19,35899.81
510,510,1,1,28500.0,1764.45,26735.55
511,511,8,1,21500.0,1129.76,20370.24
512,512,12,1,84500.0,3028.19,81471.81
513,513,12,1,84500.0,4417.08,80082.92
514,514,18,2,82000.0,7726.48,156273.52
515,515,5,1,42000.0,2280.46,39719.54
516,516,7,1,36500.0,1300.19,35199.81
517,517,18,1,82000.0,3755.33,78244.67
518,518,1,1,28500.0,1694.93,26805.07
519,519,6,3,31000.0,5132.28,87867.72
520,520,6,1,31000.0,2512.17,28487.83
521,521,4,1,46500.0,2456.56,44043.44
522,522,2,1,37500.0,1011.36,36488.64
523,523,17,2,38500.0,4576.9,72423.1
524,524,11,1,69000.0,5306.95,63693.05
525,525,20,4,62000.0,9208.52,238791.48
526,526,4,1,46500.0,1673.56,44826.44
527,527,18,1,82000.0,6866.75,75133.25
528,528,17,1,38500.0,1846.36,36653.64
529,529,9,1,44000.0,2960.38,41039.62
530,530,12,1,84500.0,4854.57,79645.43
531,531,19,1,49500.0,4197.94,45302.06
532,532,1,1,28500.0,1406.97,27093.03
533,533,5,1,42000.0,1509.25,40490.75
534,534,19,4,49500.0,8034.4,189965.6
535,535,2,1,37500.0,3031.69,34468.31
536,536,7,1,36500.0,3036.44,33463.56
537,537,12,1,84500.0,7042.08,77457.92
538,538,18,1,82000.0,3817.14,78182.86
539,539,1,1,28500.0,745.37,27754.63
540,540,14,1,48500.0,3297.97,45202.03
541,541,1,1,28500.0,1551.73,26948.27
542,542,18,1,82000.0,2953.53,79046.47
543,543,2,1,37500.0,2596.26,34903.74
544,544,10,1,78500.0,3106.92,75393.08
545,545,20,1,62000.0,4985.53,57014.47
546,546,16,1,23000.0,1795.95,21204.05
547,547,3,1,34000.0,2484.35,31515.65
548,548,16,1,23000.0,1295.71,21704.29
549,549,19,1,49500.0,3853.25,45646.75
550,550,11,1,69000.0,5522.07,63477.93
551,551,9,1,44000.0,1975.68,42024.32
552,552,19,1,49500.0,4146.27,45353.73
553,553,14,1,48500.0,4046.66,44453.34
554,554,19,1,49500.0,3304.26,46195.74
555,555,1,1,28500.0,2040.91,26459.09
556,556,8,1,21500.0,1743.52,19756.48
557,557,1,1,28500.0,1827.01,26672.99
558,558,4,1,46500.0,3796.57,42703.43
559,559,9,1,44000.0,2068.6,41931.4
560,560,8,1,21500.0,928.62,20571.38
561,561,9,1,44000.0,1122.54,42877.46
562,562,9,1,44000.0,1671.41,42328.59
563,563,10,1,78500.0,4284.49,74215.51
564,564,6,1,31000.0,1185.32,29814.68
565,565,19,2,49500.0,8114.22,90885.78
566,566,15,1,54500.0,2639.12,51860.88
567,567,9,1,44000.0,2589.8,41410.2
568,568,5,1,42000.0,1105.76,40894.24
569,569,3,1,34000.0,2454.52,31545.48
570,570,13,1,56000.0,1811.73,54188.27
571,571,2,1,37500.0,1956.31,35543.69
572,572,18,1,82000.0,2749.08,79250.92
573,573,16,1,23000.0,933.47,22066.53
574,574,5,1,42000.0,1610.86,40389.14
575,575,12,1,84500.0,6246.03,78253.97
576,576,15,1,54500.0,1577.38,52922.62
577,577,17,1,38500.0,2565.94,35934.06
578,578,18,1,82000.0,2181.8,79818.2
579,579,17,1,38500.0,1486.5,37013.5
580,580,7,1,36500.0,988.62,35511.38
581,581,13,1,56000.0,1529.61,54470.39
582,582,14,1,48500.0,3898.55,44601.45
583,583,6,2,31000.0,4971.08,57028.92
584,584,5,1,42000.0,2857.73,39142.27
585,585,9,1,44000.0,3208.67,40791.33
586,586,14,1,48500.0,1879.23,46620.77
587,587,9,1,44000.0,1857.21,42142.79
588,588,2,1,37500.0,1132.08,36367.92
589,589,1,1,28500.0,1686.47,26813.53
590,590,5,1,42000.0,1095.76,40904.24
591,591,19,1,49500.0,1961.14,47538.86
592,592,8,1,21500.0,640.57,20859.43
593,593,10,1,78500.0,4200.48,74299.52
594,594,7,1,36500.0,1325.04,35174.96
595,595,17,1,38500.0,2751.82,35748.18
596,596,14,1,48500.0,4029.87,44470.13
597,597,6,1,31000.0,1421.46,29578.54
598,598,7,1,36500.0,1320.87,35179.13
599,599,15,1,54500.0,1948.64,52551.36
600,600,13,1,56000.0,3280.23,52719.77
601,601,16,1,23000.0,999.2,22000.8
602,602,6,1,31000.0,1613.66,29386.34
603,603,12,1,84500.0,4531.03,79968.97
604,604,1,1,28500.0,1271.37,27228.63
605,605,1,1,28500.0,729.87,27770.13
606,606,12,1,84500.0,2653.14,81846.86
607,607,20,1,62000.0,3616.0,58384.0
608,608,3,1,34000.0,997.86,33002.14
609,609,10,1,78500.0,4117.42,74382.58
610,610,18,1,82000.0,5944.03,76055.97
611,611,9,1,44000.0,1855.16,42144.84
612,612,7,1,36500.0,1653.47,34846.53
613,613,11,1,69000.0,2171.32,66828.68
614,614,17,1,38500.0,1973.22,36526.78
615,615,12,1,84500.0,6014.28,78485.72
616,616,16,1,23000.0,1675.09,21324.91
617,617,17,1,38500.0,2488.38,36011.62
618,618,13,1,56000.0,2608.8,53391.2
619,619,13,1,56000.0,2724.52,53275.48
620,620,11,1,69000.0,5724.28,63275.72
621,621,5,1,42000.0,1140.86,40859.14
622,622,3,1,34000.0,1058.13,32941.87
623,623,6,1,31000.0,1371.14,29628.86
624,624,19,2,49500.0,2585.02,96414.98
625,625,14,1,48500.0,1420.19,47079.81
626,626,11,1,69000.0,3439.44,65560.56
627,627,2,1,37500.0,2758.92,34741.08
628,628,12,1,84500.0,3291.74,81208.26
629,629,13,1,56000.0,1490.95,54509.05
630,630,6,1,31000.0,894.47,30105.53
631,631,15,1,54500.0,3122.83,51377.17
632,632,18,1,82000.0,4693.19,77306.81
633,633,5,1,42000.0,2906.61,39093.39
634,634,2,1,37500.0,1254.55,36245.45
635,635,9,1,44000.0,2504.21,41495.79
636,636,20,1,62000.0,2582.99,59417.01
637,637,14,1,48500.0,1701.65,46798.35
638,638,6,1,31000.0,1277.48,29722.52
639,639,15,1,54500.0,1566.7,52933.3
640,640,8,1,21500.0,1556.09,19943.91
641,641,20,1,62000.0,4946.55,57053.45
642,642,17,1,38500.0,2789.95,35710.05
643,643,1,2,28500.0,2813.72,54186.28
644,644,10,2,78500.0,4871.24,152128.76
645,645,2,1,37500.0,3119.86,34380.14
646,646,14,1,48500.0,3604.45,44895.55
647,647,19,1,49500.0,2917.05,46582.95
648,648,15,1,54500.0,3776.33,50723.67
649,649,2,1,37500.0,1922.71,35577.29
650,650,20,1,62000.0,4714.26,57285.74
651,651,9,1,44000.0,2762.97,41237.03
652,652,1,1,28500.0,1271.1,27228.9
653,653,18,1,82000.0,2931.38,79068.62
654,654,17,1,38500.0,1724.52,36775.48
655,655,1,1,28500.0,1076.48,27423.52
656,656,10,1,78500.0,5576.27,72923.73
657,657,17,1,38500.0,2818.92,35681.08
658,658,3,1,34000.0,2064.42,31935.58
659,659,13,1,56000.0,1876.32,54123.68
660,660,11,1,69000.0,2701.68,66298.32
661,661,12,1,84500.0,5158.47,79341.53
662,662,4,1,46500.0,1626.27,44873.73
663,663,20,1,62000.0,3390.11,58609.89
664,664,6,1,31000.0,2042.16,28957.84
665,665,18,1,82000.0,2282.04,79717.96
666,666,8,1,21500.0,1219.81,20280.19
667,667,10,1,78500.0,2105.14,76394.86
668,668,20,1,62000.0,3138.9,58861.1
669,669,6,1,31000.0,1807.02,29192.98
670,670,17,1,38500.0,1078.01,37421.99
671,671,15,1,54500.0,4415.1,50084.9
672,672,9,1,44000.0,3665.21,40334.79
673,673,2,1,37500.0,2275.01,35224.99
674,674,4,1,46500.0,3703.74,42796.26
675,675,3,1,34000.0,995.77,33004.23
676,676,19,1,49500.0,2808.99,46691.01
677,677,3,1,34000.0,1221.74,32778.26
678,678,18,1,82000.0,2442.55,79557.45
679,679,6,1,31000.0,2325.11,28674.89
680,680,15,1,54500.0,4505.57,49994.43
681,681,3,1,34000.0,871.29,33128.71
682,682,15,1,54500.0,1500.7,52999.3
683,683,8,1,21500.0,1054.09,20445.91
684,684,8,1,21500.0,854.0,20646.0
685,685,13,1,56000.0,4292.2,51707.8
686,686,20,1,62000.0,1708.42,60291.58
687,687,13,1,56000.0,2777.13,53222.87
688,688,8,1,21500.0,1761.44,19738.56
689,689,1,1,28500.0,943.98,27556.02
690,690,4,1,46500.0,1897.1,44602.9
691,691,7,1,36500.0,1793.17,34706.83
692,692,15,1,54500.0,2508.98,51991.02
693,693,18,2,82000.0,13793.58,150206.42
694,694,17,3,38500.0,4429.05,111070.95
695,695,4,1,46500.0,3466.77,43033.23
696,696,8,2,21500.0,3382.66,39617.34
697,697,12,1,84500.0,5682.56,78817.44
698,698,19,1,49500.0,1665.77,47834.23
699,699,20,1,62000.0,4682.17,57317.83
700,700,2,1,37500.0,1017.25,36482.75
701,701,19,1,49500.0,1687.3,47812.7
702,702,11,1,69000.0,1766.3,67233.7
703,703,15,1,54500.0,2069.43,52430.57
704,704,9,1,44000.0,3435.34,40564.66
705,705,1,2,28500.0,2303.38,54696.62
706,706,3,2,34000.0,5418.38,62581.62
707,707,4,1,46500.0,1672.04,44827.96
708,708,18,1,82000.0,2168.6,79831.4
709,709,1,1,28500.0,893.36,27606.64
710,710,5,1,42000.0,2451.13,39548.87
711,711,17,1,38500.0,2693.16,35806.84
712,712,17,1,38500.0,3118.4,35381.6
713,713,1,4,28500.0,3928.8,110071.2
714,714,16,1,23000.0,1522.12,21477.88
715,715,10,1,78500.0,5465.69,73034.31
716,716,5,1,42000.0,2073.61,39926.39
717,717,13,1,56000.0,4575.44,51424.56
718,718,6,1,31000.0,850.57,30149.43
719,719,14,2,48500.0,5656.82,91343.18
720,720,1,1,28500.0,829.49,27670.51
721,721,5,1,42000.0,2069.14,39930.86
722,722,18,1,82000.0,5260.88,76739.12
723,723,5,1,42000.0,1392.58,40607.42
724,724,18,1,82000.0,6726.06,75273.94
725,725,14,1,48500.0,3808.96,44691.04
726,726,2,1,37500.0,1139.39,36360.61
727,727,16,1,23000.0,1589.89,21410.11
728,728,5,2,42000.0,6259.1,77740.9
729,729,18,1,82000.0,6778.62,75221.38
730,730,7,1,36500.0,3073.74,33426.26
731,731,17,1,38500.0,3004.25,35495.75
732,732,2,1,37500.0,1866.26,35633.74
733,733,19,1,49500.0,3476.58,46023.42
734,734,6,1,31000.0,806.98,30193.02
735,735,18,1,82000.0,2445.11,79554.89
736,736,10,1,78500.0,4725.79,73774.21
737,737,7,1,36500.0,2350.26,34149.74
738,738,9,1,44000.0,1365.27,42634.73
739,739,19,1,49500.0,3087.51,46412.49
740,740,4,1,46500.0,1834.06,44665.94
741,741,15,1,54500.0,4436.0,50064.0
742,742,3,1,34000.0,1270.31,32729.69
743,743,10,1,78500.0,1978.81,76521.19
744,744,16,3,23000.0,5765.43,63234.57
745,745,15,1,54500.0,4234.56,50265.44
746,746,10,1,78500.0,2876.97,75623.03
747,747,10,1,78500.0,5951.47,72548.53
748,748,3,1,34000.0,962.03,33037.97
749,749,9,1,44000.0,3456.96,40543.04
750,750,16,1,23000.0,677.94,22322.06
751,751,16,1,23000.0,893.9,22106.1
752,752,19,1,49500.0,2486.72,47013.28
753,753,15,1,54500.0,4188.52,50311.48
754,754,9,1,44000.0,2001.21,41998.79
755,755,9,1,44000.0,2216.33,41783.67
756,756,13,1,56000.0,4106.51,51893.49
757,757,1,1,28500.0,1030.07,27469.93
758,758,16,1,23000.0,1520.65,21479.35
759,759,7,1,36500.0,1227.46,35272.54
760,760,17,1,38500.0,1958.66,36541.34
761,761,14,1,48500.0,1725.72,46774.28
762,762,20,1,62000.0,4725.97,57274.03
763,763,9,1,44000.0,1994.96,42005.04
764,764,8,1,21500.0,803.55,20696.45
765,765,16,1,23000.0,1162.78,21837.22
766,766,19,1,49500.0,2881.27,46618.73
767,767,17,1,38500.0,994.64,37505.36
768,768,1,1,28500.0,1081.92,27418.08
769,769,19,1,49500.0,1826.4,47673.6
770,770,9,1,44000.0,1738.0,42262.0
771,771,18,1,82000.0,3649.25,78350.75
772,772,16,1,23000.0,881.65,22118.35
773,773,10,1,78500.0,3393.03,75106.97
774,774,7,1,36500.0,1996.9,34503.1
775,775,10,1,78500.0,6117.27,72382.73
776,776,4,1,46500.0,1180.8,45319.2
777,777,8,1,21500.0,1813.71,19686.29
778,778,17,1,38500.0,1642.89,36857.11
779,779,3,1,34000.0,1179.85,32820.15
780,780,2,1,37500.0,1972.02,35527.98
781,781,12,1,84500.0,6997.43,77502.57
782,782,8,1,21500.0,947.48,20552.52
783,783,5,2,42000.0,3632.64,80367.36
784,784,13,1,56000.0,2966.36,53033.64
785,785,5,1,42000.0,1800.86,40199.14
786,786,19,1,49500.0,1754.55,47745.45
787,787,7,1,36500.0,1486.15,35013.85
788,788,17,1,38500.0,3162.26,35337.74
789,789,1,1,28500.0,1866.04,26633.96
790,790,4,1,46500.0,2139.65,44360.35
791,791,9,1,44000.0,3865.34,40134.66
792,792,7,1,36500.0,1650.33,34849.67
793,793,3,1,34000.0,2163.52,31836.48
794,794,20,1,62000.0,2830.81,59169.19
795,795,13,1,56000.0,3036.45,52963.55
796,796,1,1,28500.0,1976.38,26523.62
797,797,19,1,49500.0,3565.64,45934.36
798,798,8,1,21500.0,1906.74,19593.26
799,799,17,2,38500.0,4882.02,72117.98
800,800,3,1,34000.0,2333.14,31666.86
801,801,15,1,54500.0,3772.29,50727.71
802,802,9,1,44000.0,3356.89,40643.11
803,803,17,1,38500.0,2460.25,36039.75
804,804,18,1,82000.0,3252.05,78747.95
805,805,4,1,46500.0,1770.43,44729.57
806,806,14,1,48500.0,2825.71,45674.29
807,807,2,1,37500.0,3423.86,34076.14
808,808,6,1,31000.0,2485.39,28514.61
809,809,4,1,46500.0,3908.11,42591.89
810,810,3,1,34000.0,2443.19,31556.81
811,811,12,1,84500.0,3993.56,80506.44
812,812,17,1,38500.0,2818.51,35681.49
813,813,7,1,36500.0,1728.49,34771.51
814,814,13,1,56000.0,3863.95,52136.05
815,815,1,1,28500.0,1910.46,26589.54
816,816,8,1,21500.0,2006.99,19493.01
817,817,20,1,62000.0,4397.59,57602.41
818,818,9,1,44000.0,3278.94,40721.06
819,819,5,1,42000.0,2028.92,39971.08
820,820,15,1,54500.0,4440.8,50059.2
821,821,1,1,28500.0,2092.96,26407.04
822,822,1,1,28500.0,2452.13,26047.87
823,823,17,1,38500.0,1743.64,36756.36
824,824,4,1,46500.0,4142.28,42357.72
825,825,18,1,82000.0,3269.62,78730.38
826,826,6,1,31000.0,1101.66,29898.34
827,827,5,1,42000.0,3784.09,38215.91
828,828,3,1,34000.0,2617.82,31382.18
829,829,15,1,54500.0,5171.21,49328.79
830,830,12,1,84500.0,6125.89,78374.11
831,831,4,1,46500.0,3090.67,43409.33
832,832,19,1,49500.0,4548.01,44951.99
833,833,9,1,44000.0,3152.82,40847.18
834,834,5,1,42000.0,2989.87,39010.13
835,835,15,1,54500.0,4948.42,49551.58
836,836,17,4,38500.0,9733.52,144266.48
837,837,13,1,56000.0,2146.85,53853.15
838,838,19,1,49500.0,2922.52,46577.48
839,839,8,1,21500.0,1279.45,20220.55
840,840,1,2,28500.0,3053.9,53946.1
841,841,13,1,56000.0,2285.7,53714.3
842,842,12,1,84500.0,6320.13,78179.87
843,843,6,1,31000.0,2592.28,28407.72
844,844,2,2,37500.0,3639.72,71360.28
845,845,20,1,62000.0,2504.16,59495.84
846,846,1,1,28500.0,1586.28,26913.72
847,847,20,1,62000.0,4649.03,57350.97
848,848,18,1,82000.0,3446.77,78553.23
849,849,2,1,37500.0,1849.23,35650.77
850,850,19,1,49500.0,2571.48,46928.52
851,851,9,1,44000.0,3784.01,40215.99
852,852,3,1,34000.0,2901.76,31098.24
853,853,6,1,31000.0,2573.64,28426.36
854,854,1,1,28500.0,1811.54,26688.46
855,855,5,1,42000.0,3784.71,38215.29
856,856,16,1,23000.0,2181.97,20818.03
857,857,15,1,54500.0,2148.41,52351.59
858,858,2,1,37500.0,2197.58,35302.42
859,859,20,2,62000.0,8394.94,115605.06
860,860,6,1,31000.0,2365.72,28634.28
861,861,15,1,54500.0,3048.13,51451.87
862,862,14,1,48500.0,4391.37,44108.63
863,863,10,1,78500.0,4082.28,74417.72
864,864,10,1,78500.0,4230.67,74269.33
865,865,14,1,48500.0,4321.73,44178.27
866,866,3,1,34000.0,2053.25,31946.75
867,867,8,1,21500.0,1514.54,19985.46
868,868,19,1,49500.0,1894.11,47605.89
869,869,11,1,69000.0,4022.74,64977.26
870,870,6,1,31000.0,2890.26,28109.74
871,871,8,1,21500.0,1032.45,20467.55
872,872,6,1,31000.0,2601.79,28398.21
873,873,1,1,28500.0,1404.99,27095.01
874,874,12,1,84500.0,5620.63,78879.37
875,875,18,1,82000.0,5047.42,76952.58
876,876,5,1,42000.0,1934.45,40065.55
877,877,19,1,49500.0,2925.87,46574.13
878,878,6,1,31000.0,2245.46,28754.54
879,879,2,1,37500.0,2428.63,35071.37
880,880,6,1,31000.0,1110.66,29889.34
881,881,12,1,84500.0,4312.54,80187.46
882,882,20,1,62000.0,5569.69,56430.31
883,883,5,1,42000.0,3545.34,38454.66
884,884,10,2,78500.0,10792.66,146207.34
885,885,20,1,62000.0,4785.9,57214.1
886,886,17,1,38500.0,3136.25,35363.75
887,887,14,1,48500.0,4570.98,43929.02
888,888,12,1,84500.0,5834.06,78665.94
889,889,9,1,44000.0,2554.26,41445.74
890,890,17,1,38500.0,3535.12,34964.88
891,891,11,1,69000.0,4572.02,64427.98
892,892,2,1,37500.0,2465.16,35034.84
893,893,2,1,37500.0,2955.43,34544.57
894,894,4,1,46500.0,3852.0,42648.0
895,895,2,1,37500.0,2679.15,34820.85
896,896,9,1,44000.0,2930.29,41069.71
897,897,19,1,49500.0,3434.42,46065.58
898,898,7,1,36500.0,2439.18,34060.82
899,899,5,1,42000.0,2890.07,39109.93
900,900,19,1,49500.0,3923.81,45576.19
901,901,15,1,54500.0,4543.06,49956.94
902,902,6,1,31000.0,1939.2,29060.8
903,903,17,1,38500.0,3480.38,35019.62
904,904,12,1,84500.0,5967.66,78532.34
905,905,1,1,28500.0,1256.57,27243.43
906,906,5,1,42000.0,2644.36,39355.64
907,907,18,1,82000.0,5941.63,76058.37
908,908,12,1,84500.0,5542.83,78957.17
909,909,16,1,23000.0,1355.06,21644.94
910,910,8,1,21500.0,1598.31,19901.69
911,911,9,1,44000.0,1927.38,42072.62
912,912,15,1,54500.0,2052.16,52447.84
913,913,1,1,28500.0,1829.99,26670.01
914,914,13,1,56000.0,3723.32,52276.68
915,915,7,1,36500.0,2336.14,34163.86
916,916,11,1,69000.0,2724.04,66275.96
917,917,9,1,44000.0,2788.8,41211.2
918,918,4,1,46500.0,3018.62,43481.38
919,919,18,2,82000.0,13356.38,150643.62
920,920,20,1,62000.0,3557.0,58443.0
921,921,16,1,23000.0,1783.45,21216.55
922,922,1,1,28500.0,1573.21,26926.79
923,923,9,1,44000.0,3302.59,40697.41
924,924,12,1,84500.0,6602.66,77897.34
925,925,1,1,28500.0,2238.98,26261.02
926,926,1,1,28500.0,2703.02,25796.98
927,927,9,1,44000.0,3160.22,40839.78
928,928,7,1,36500.0,2669.61,33830.39
929,929,12,1,84500.0,5159.3,79340.7
930,930,12,1,84500.0,6684.28,77815.72
931,931,1,1,28500.0,2583.17,25916.83
932,932,9,1,44000.0,3597.85,40402.15
933,933,3,1,34000.0,1705.49,32294.51
934,934,12,1,84500.0,4563.75,79936.25
935,935,9,1,44000.0,2527.3,41472.7
936,936,5,1,42000.0,2561.5,39438.5
937,937,5,1,42000.0,2229.0,39771.0
938,938,19,1,49500.0,3875.31,45624.69
939,939,17,1,38500.0,3603.92,34896.08
940,940,14,1,48500.0,3095.46,45404.54
941,941,17,1,38500.0,1672.4,36827.6
942,942,13,1,56000.0,2281.24,53718.76
943,943,10,1,78500.0,7247.23,71252.77
944,944,5,1,42000.0,2585.65,39414.35
945,945,12,1,84500.0,7353.04,77146.96
946,946,12,1,84500.0,7084.86,77415.14
947,947,14,2,48500.0,5141.86,91858.14
948,948,14,1,48500.0,3791.77,44708.23
949,949,5,1,42000.0,2220.48,39779.52
950,950,16,1,23000.0,1144.96,21855.04
951,951,20,1,62000.0,4967.63,57032.37
952,952,4,1,46500.0,3014.42,43485.58
953,953,20,1,62000.0,5532.27,56467.73
954,954,6,1,31000.0,2523.27,28476.73
955,955,19,1,49500.0,2300.53,47199.47
956,956,15,1,54500.0,3762.1,50737.9
957,957,4,1,46500.0,3818.4,42681.6
958,958,8,1,21500.0,1611.49,19888.51
959,959,12,1,84500.0,3148.62,81351.38
960,960,19,1,49500.0,1847.3,47652.7
961,961,6,1,31000.0,1311.91,29688.09
962,962,9,1,44000.0,4138.74,39861.26
963,963,11,1,69000.0,3696.07,65303.93
964,964,6,1,31000.0,1306.77,29693.23
965,965,17,1,38500.0,2198.74,36301.26
966,966,13,3,56000.0,7110.9,160889.1
967,967,11,1,69000.0,3316.67,65683.33
968,968,15,1,54500.0,4828.99,49671.01
969,969,13,1,56000.0,3709.2,52290.8
970,970,13,1,56000.0,2659.58,53340.42
971,971,13,1,56000.0,3192.98,52807.02
972,972,1,3,28500.0,8054.94,77445.06
973,973,7,1,36500.0,2590.42,33909.58
974,974,6,2,31000.0,2690.82,59309.18
975,975,1,1,28500.0,1155.28,27344.72
976,976,7,1,36500.0,1975.42,34524.58
977,977,12,1,84500.0,7806.97,76693.03
978,978,10,1,78500.0,3229.46,75270.54
979,979,10,1,78500.0,6198.82,72301.18
980,980,13,1,56000.0,5212.71,50787.29
981,981,8,1,21500.0,1953.7,19546.3
982,982,15,1,54500.0,1975.7,52524.3
983,983,18,2,82000.0,9962.84,154037.16
984,984,13,1,56000.0,3029.65,52970.35
985,985,1,1,28500.0,1476.9,27023.1
986,986,7,1,36500.0,3196.9,33303.1
987,987,2,1,37500.0,2908.74,34591.26
988,988,1,1,28500.0,1654.44,26845.56
989,989,20,1,62000.0,3252.95,58747.05
990,990,14,1,48500.0,2839.12,45660.88
991,991,6,1,31000.0,2768.62,28231.38
992,992,1,1,28500.0,1365.92,27134.08
993,993,12,1,84500.0,3496.15,81003.85
994,994,6,1,31000.0,1269.98,29730.02
995,995,1,1,28500.0,1766.14,26733.86
996,996,15,1,54500.0,3429.6,51070.4
997,997,13,1,56000.0,5135.14,50864.86
998,998,19,1,49500.0,2974.23,46525.77
999,999,5,1,42000.0,2089.68,39910.32
1000,1000,12,1,84500.0,5927.37,78572.63
1001,1001,12,1,84500.0,3933.81,80566.19
1002,1002,17,1,38500.0,3314.36,35185.64
1003,1003,7,1,36500.0,2526.07,33973.93
1004,1004,5,1,42000.0,2556.33,39443.67
1005,1005,16,1,23000.0,2116.25,20883.75
1006,1006,3,1,34000.0,2850.86,31149.14
1007,1007,13,1,56000.0,3753.68,52246.32
1008,1008,11,1,69000.0,5321.91,63678.09
1009,1009,1,1,28500.0,1249.46,27250.54
1010,1010,5,1,42000.0,3121.71,38878.29
1011,1011,14,1,48500.0,4393.51,44106.49
1012,1012,12,1,84500.0,6358.97,78141.03
1013,1013,3,2,34000.0,5713.8,62286.2
1014,1014,11,1,69000.0,4093.65,64906.35
1015,1015,11,1,69000.0,3948.75,65051.25
1016,1016,19,1,49500.0,2599.07,46900.93
1017,1017,15,1,54500.0,2024.31,52475.69
1018,1018,7,1,36500.0,3103.17,33396.83
1019,1019,4,1,46500.0,4200.37,42299.63
1020,1020,19,1,49500.0,4079.72,45420.28
1021,1021,7,1,36500.0,3026.94,33473.06
1022,1022,10,1,78500.0,5874.92,72625.08
1023,1023,12,1,84500.0,5096.95,79403.05
1024,1024,14,1,48500.0,1971.81,46528.19
1025,1025,1,1,28500.0,2390.79,26109.21
1026,1026,8,1,21500.0,1081.51,20418.49
1027,1027,17,1,38500.0,2426.54,36073.46
1028,1028,19,1,49500.0,4088.77,45411.23
1029,1029,7,1,36500.0,1279.9,35220.1
1030,1030,4,1,46500.0,3518.59,42981.41
1031,1031,15,1,54500.0,3224.12,51275.88
1032,1032,5,1,42000.0,1876.92,40123.08
1033,1033,2,1,37500.0,1893.84,35606.16
1034,1034,10,1,78500.0,5764.44,72735.56
1035,1035,19,1,49500.0,3864.27,45635.73
1036,1036,12,1,84500.0,5451.92,79048.08
1037,1037,17,1,38500.0,3482.23,35017.77
1038,1038,7,1,36500.0,2076.56,34423.44
1039,1039,5,1,42000.0,1522.39,40477.61
1040,1040,17,1,38500.0,2492.12,36007.88
1041,1041,4,3,46500.0,4990.17,134509.83
1042,1042,18,1,82000.0,7628.51,74371.49
1043,1043,4,1,46500.0,2864.81,43635.19
1044,1044,14,1,48500.0,3210.45,45289.55
1045,1045,1,1,28500.0,1594.04,26905.96
1046,1046,4,1,46500.0,3183.48,43316.52
1047,1047,16,1,23000.0,1757.31,21242.69
1048,1048,7,1,36500.0,2429.36,34070.64
1049,1049,7,1,36500.0,2230.11,34269.89
1050,1050,11,1,69000.0,5761.87,63238.13
1051,1051,10,1,78500.0,2864.96,75635.04
1052,1052,6,1,31000.0,1983.09,29016.91
1053,1053,1,2,28500.0,4980.78,52019.22
1054,1054,12,1,84500.0,6199.52,78300.48
1055,1055,2,1,37500.0,2453.65,35046.35
1056,1056,18,1,82000.0,4877.73,77122.27
1057,1057,13,1,56000.0,4148.06,51851.94
1058,1058,3,1,34000.0,2499.68,31500.32
1059,1059,12,1,84500.0,6232.42,78267.58
1060,1060,14,1,48500.0,2727.45,45772.55
1061,1061,6,1,31000.0,2674.7,28325.3
1062,1062,1,1,28500.0,1866.0,26634.0
1063,1063,11,1,69000.0,6002.4,62997.6
1064,1064,15,1,54500.0,1934.28,52565.72
1065,1065,7,1,36500.0,2668.01,33831.99
1066,1066,11,1,69000.0,2510.88,66489.12
1067,1067,8,1,21500.0,1815.93,19684.07
1068,1068,6,1,31000.0,2701.22,28298.78
1069,1069,12,1,84500.0,5471.76,79028.24
1070,1070,16,1,23000.0,1668.62,21331.38
1071,1071,15,1,54500.0,4191.72,50308.28
1072,1072,3,1,34000.0,2552.31,31447.69
1073,1073,4,1,46500.0,3053.65,43446.35
1074,1074,11,1,69000.0,6347.26,62652.74
1075,1075,14,1,48500.0,1988.38,46511.62
1076,1076,3,1,34000.0,1486.31,32513.69
1077,1077,12,1,84500.0,5196.23,79303.77
1078,1078,7,1,36500.0,2694.2,33805.8
1079,1079,4,1,46500.0,2522.23,43977.77
1080,1080,4,1,46500.0,3976.27,42523.73
1081,1081,16,1,23000.0,1415.86,21584.14
1082,1082,20,1,62000.0,5296.61,56703.39
1083,1083,4,1,46500.0,3006.78,43493.22
1084,1084,12,1,84500.0,6601.95,77898.05
1085,1085,2,1,37500.0,1482.41,36017.59
1086,1086,1,1,28500.0,1399.39,27100.61
1087,1087,15,1,54500.0,3991.06,50508.94
1088,1088,12,1,84500.0,4510.22,79989.78
1089,1089,1,1,28500.0,1778.55,26721.45
1090,1090,3,1,34000.0,1632.05,32367.95
1091,1091,3,1,34000.0,1996.67,32003.33
1092,1092,17,1,38500.0,2306.78,36193.22
1093,1093,18,1,82000.0,3946.29,78053.71
1094,1094,10,1,78500.0,5890.09,72609.91
1095,1095,4,1,46500.0,1827.32,44672.68
1096,1096,9,1,44000.0,3882.14,40117.86
1097,1097,1,1,28500.0,1045.9,27454.1
1098,1098,15,1,54500.0,4219.22,50280.78
1099,1099,18,1,82000.0,5092.18,76907.82
1100,1100,13,1,56000.0,4809.22,51190.78
1101,1101,6,1,31000.0,2814.54,28185.46
1102,1102,20,1,62000.0,4158.48,57841.52
1103,1103,4,1,46500.0,2096.67,44403.33
1104,1104,16,1,23000.0,2066.12,20933.88
1105,1105,9,1,44000.0,2664.69,41335.31
1106,1106,19,1,49500.0,1841.29,47658.71
1107,1107,5,1,42000.0,3221.01,38778.99
1108,1108,20,1,62000.0,3442.34,58557.66
1109,1109,4,1,46500.0,3912.23,42587.77
1110,1110,9,1,44000.0,2380.42,41619.58
1111,1111,13,1,56000.0,3094.59,52905.41
1112,1112,9,1,44000.0,3954.72,40045.28
1113,1113,3,1,34000.0,2979.78,31020.22
1114,1114,14,1,48500.0,2222.06,46277.94
1115,1115,11,1,69000.0,3692.36,65307.64
1116,1116,12,1,84500.0,2994.63,81505.37
1117,1117,9,1,44000.0,2263.27,41736.73
1118,1118,5,1,42000.0,2226.21,39773.79
1119,1119,8,1,21500.0,1547.79,19952.21
1120,1120,8,1,21500.0,1445.56,20054.44
1121,1121,5,1,42000.0,2176.72,39823.28
1122,1122,17,1,38500.0,2592.12,35907.88
1123,1123,9,1,44000.0,3471.57,40528.43
1124,1124,1,1,28500.0,1457.47,27042.53
1125,1125,19,1,49500.0,3000.45,46499.55
1126,1126,9,1,44000.0,1551.96,42448.04
1127,1127,8,1,21500.0,1994.6,19505.4
1128,1128,13,3,56000.0,15034.5,152965.5
1129,1129,5,1,42000.0,3114.6,38885.4
1130,1130,20,1,62000.0,3538.73,58461.27
1131,1131,16,1,23000.0,1121.47,21878.53
1132,1132,6,1,31000.0,1146.92,29853.08
1133,1133,14,1,48500.0,3910.82,44589.18
1134,1134,1,1,28500.0,2433.73,26066.27
1135,1135,18,1,82000.0,3595.35,78404.65
1136,1136,19,1,49500.0,3952.15,45547.85
1137,1137,4,1,46500.0,2661.99,43838.01
1138,1138,15,1,54500.0,4805.18,49694.82
1139,1139,20,4,62000.0,15947.16,232052.84
1140,1140,9,1,44000.0,2753.6,41246.4
1141,1141,6,1,31000.0,1658.11,29341.89
1142,1142,2,1,37500.0,2597.19,34902.81
1143,1143,20,1,62000.0,5147.82,56852.18
1144,1144,13,1,56000.0,5035.82,50964.18
1145,1145,12,1,84500.0,7137.57,77362.43
1146,1146,5,1,42000.0,2242.16,39757.84
1147,1147,13,1,56000.0,3799.8,52200.2
1148,1148,8,1,21500.0,757.16,20742.84
1149,1149,2,1,37500.0,1435.79,36064.21
1150,1150,5,1,42000.0,3317.75,38682.25
1151,1151,6,1,31000.0,2789.36,28210.64
1152,1152,3,1,34000.0,3167.52,30832.48
1153,1153,6,1,31000.0,2853.61,28146.39
1154,1154,17,1,38500.0,3180.84,35319.16
1155,1155,18,1,82000.0,5760.98,76239.02
1156,1156,10,1,78500.0,7055.87,71444.13
1157,1157,7,1,36500.0,1923.97,34576.03
1158,1158,3,1,34000.0,1844.28,32155.72
1159,1159,11,1,69000.0,3738.83,65261.17
1160,1160,7,1,36500.0,2621.89,33878.11
1161,1161,6,1,31000.0,2230.5,28769.5
1162,1162,14,1,48500.0,3539.01,44960.99
1163,1163,1,1,28500.0,1016.52,27483.48
1164,1164,3,1,34000.0,1285.12,32714.88
1165,1165,13,1,56000.0,2256.93,53743.07
1166,1166,2,1,37500.0,1960.58,35539.42
1167,1167,14,1,48500.0,3463.83,45036.17
1168,1168,12,1,84500.0,5144.77,79355.23
1169,1169,7,1,36500.0,2130.18,34369.82
1170,1170,17,1,38500.0,2631.89,35868.11
1171,1171,3,1,34000.0,2660.9,31339.1
1172,1172,20,1,62000.0,3038.09,58961.91
1173,1173,3,1,34000.0,2679.51,31320.49
1174,1174,12,1,84500.0,3803.17,80696.83
1175,1175,14,1,48500.0,4311.49,44188.51
1176,1176,18,1,82000.0,3946.55,78053.45
1177,1177,16,1,23000.0,1249.88,21750.12
1178,1178,17,1,38500.0,2238.63,36261.37
1179,1179,10,1,78500.0,3958.78,74541.22
1180,1180,8,2,21500.0,3918.24,39081.76
1181,1181,15,1,54500.0,3789.74,50710.26
1182,1182,19,2,49500.0,7197.88,91802.12
1183,1183,1,1,28500.0,2431.34,26068.66
1184,1184,7,1,36500.0,1312.04,35187.96
1185,1185,5,1,42000.0,1591.16,40408.84
1186,1186,7,1,36500.0,2895.66,33604.34
1187,1187,17,1,38500.0,1849.94,36650.06
1188,1188,13,1,56000.0,3565.05,52434.95
1189,1189,19,1,49500.0,3535.74,45964.26
1190,1190,6,1,31000.0,2052.23,28947.77
1191,1191,2,1,37500.0,2395.67,35104.33
1192,1192,3,1,34000.0,2944.04,31055.96
1193,1193,4,1,46500.0,3284.04,43215.96
1194,1194,8,1,21500.0,1608.04,19891.96
1195,1195,5,2,42000.0,7810.68,76189.32
1196,1196,17,1,38500.0,2586.6,35913.4
1197,1197,10,1,78500.0,5563.16,72936.84
1198,1198,7,1,36500.0,2176.59,34323.41
1199,1199,5,1,42000.0,3937.26,38062.74
1200,1200,10,1,78500.0,4503.69,73996.31
1201,1201,13,1,56000.0,2092.09,53907.91
1202,1202,7,1,36500.0,2766.49,33733.51
1203,1203,16,1,23000.0,2184.8,20815.2
1204,1204,8,1,21500.0,1785.59,19714.41
1205,1205,14,1,48500.0,2876.6,45623.4
1206,1206,1,1,28500.0,2133.27,26366.73
1207,1207,9,4,44000.0,15631.56,160368.44
1208,1208,6,1,31000.0,1225.54,29774.46
1209,1209,19,1,49500.0,4126.41,45373.59
1210,1210,15,2,54500.0,4997.84,104002.16
1211,1211,18,1,82000.0,4555.64,77444.36
1212,1212,4,1,46500.0,3964.13,42535.87
1213,1213,4,2,46500.0,5060.92,87939.08
1214,1214,13,1,56000.0,5051.65,50948.35
1215,1215,5,1,42000.0,3335.97,38664.03
1216,1216,10,1,78500.0,5317.28,73182.72
1217,1217,6,1,31000.0,1805.05,29194.95
1218,1218,13,1,56000.0,4596.35,51403.65
1219,1219,2,1,37500.0,1590.11,35909.89
1220,1220,4,1,46500.0,4307.92,42192.08
1221,1221,5,1,42000.0,1909.07,40090.93
1222,1222,9,1,44000.0,2326.83,41673.17
1223,1223,8,1,21500.0,1033.3,20466.7
1224,1224,4,1,46500.0,3221.59,43278.41
1225,1225,1,1,28500.0,1326.24,27173.76
1226,1226,10,1,78500.0,4258.28,74241.72
1227,1227,5,1,42000.0,3874.51,38125.49
1228,1228,7,1,36500.0,2930.8,33569.2
1229,1229,7,1,36500.0,3125.2,33374.8
1230,1230,6,2,31000.0,4326.56,57673.44
1231,1231,6,1,31000.0,1720.04,29279.96
1232,1232,9,1,44000.0,4065.53,39934.47
1233,1233,12,1,84500.0,7329.37,77170.63
1234,1234,8,1,21500.0,989.52,20510.48
1235,1235,6,1,31000.0,1619.6,29380.4
1236,1236,13,2,56000.0,7723.52,104276.48
1237,1237,17,1,38500.0,2093.9,36406.1
1238,1238,16,1,23000.0,1881.22,21118.78
1239,1239,14,1,48500.0,3909.49,44590.51
1240,1240,6,1,31000.0,1163.2,29836.8
1241,1241,11,1,69000.0,4734.16,64265.84
1242,1242,19,1,49500.0,3275.1,46224.9
1243,1243,6,1,31000.0,1643.78,29356.22
1244,1244,9,1,44000.0,2364.26,41635.74
1245,1245,3,1,34000.0,2002.63,31997.37
1246,1246,4,1,46500.0,2619.38,43880.62
1247,1247,10,1,78500.0,6209.09,72290.91
1248,1248,1,1,28500.0,1726.38,26773.62
1249,1249,15,1,54500.0,3938.04,50561.96
1250,1250,3,1,34000.0,2355.77,31644.23
1251,1251,7,1,36500.0,2928.65,33571.35
1252,1252,20,1,62000.0,4572.84,57427.16
1253,1253,11,1,69000.0,4351.46,64648.54
1254,1254,15,1,54500.0,2678.02,51821.98
1255,1255,10,1,78500.0,5680.12,72819.88
1256,1256,2,1,37500.0,3191.07,34308.93
1257,1257,12,1,84500.0,6612.94,77887.06
1258,1258,8,1,21500.0,1757.68,19742.32
1259,1259,1,1,28500.0,2297.91,26202.09
1260,1260,4,1,46500.0,2494.46,44005.54
1261,1261,7,1,36500.0,2432.7,34067.3
1262,1262,16,1,23000.0,1891.77,21108.23
1263,1263,15,1,54500.0,3427.96,51072.04
1264,1264,10,1,78500.0,6715.33,71784.67
1265,1265,13,1,56000.0,3971.6,52028.4
1266,1266,12,1,84500.0,4362.79,80137.21
1267,1267,4,2,46500.0,3364.9,89635.1
1268,1268,3,1,34000.0,2736.63,31263.37
1269,1269,3,1,34000.0,2865.86,31134.14
1270,1270,2,1,37500.0,1927.61,35572.39
1271,1271,5,1,42000.0,2278.27,39721.73
1272,1272,9,1,44000.0,3999.43,40000.57
1273,1273,19,1,49500.0,2897.73,46602.27
1274,1274,17,1,38500.0,1519.44,36980.56
1275,1275,5,1,42000.0,2198.69,39801.31
1276,1276,1,1,28500.0,2593.39,25906.61
1277,1277,17,1,38500.0,2558.97,35941.03
1278,1278,17,1,38500.0,2440.44,36059.56
1279,1279,20,1,62000.0,4992.53,57007.47
1280,1280,16,1,23000.0,1804.12,21195.88
1281,1281,1,1,28500.0,1879.46,26620.54
1282,1282,11,1,69000.0,4119.26,64880.74
1283,1283,8,1,21500.0,840.71,20659.29
1284,1284,20,1,62000.0,3096.07,58903.93
1285,1285,7,1,36500.0,2938.44,33561.56
1286,1286,8,1,21500.0,1516.05,19983.95
1287,1287,12,1,84500.0,7800.9,76699.1
1288,1288,7,1,36500.0,2521.48,33978.52
1289,1289,1,1,28500.0,1989.75,26510.25
1290,1290,19,1,49500.0,4588.97,44911.03
1291,1291,5,1,42000.0,2609.9,39390.1
1292,1292,8,1,21500.0,1853.02,19646.98
1293,1293,17,1,38500.0,3312.94,35187.06
1294,1294,6,1,31000.0,2265.89,28734.11
1295,1295,5,1,42000.0,1873.38,40126.62
1296,1296,2,1,37500.0,1821.82,35678.18
1297,1297,15,1,54500.0,4096.88,50403.12
1298,1298,20,1,62000.0,2635.72,59364.28
1299,1299,2,1,37500.0,1522.28,35977.72
1300,1300,15,1,54500.0,4765.07,49734.93
1301,1301,4,1,46500.0,2360.37,44139.63
1302,1302,1,1,28500.0,1364.8,27135.2
1303,1303,20,1,62000.0,3244.82,58755.18
1304,1304,15,1,54500.0,3727.32,50772.68
1305,1305,14,1,48500.0,3987.1,44512.9
1306,1306,11,1,69000.0,5623.08,63376.92
1307,1307,16,1,23000.0,810.42,22189.58
1308,1308,19,1,49500.0,1951.94,47548.06
1309,1309,19,1,49500.0,4138.66,45361.34
1310,1310,6,1,31000.0,1510.59,29489.41
1311,1311,11,1,69000.0,4007.77,64992.23
1312,1312,11,1,69000.0,3671.24,65328.76
1313,1313,13,1,56000.0,4842.28,51157.72
1314,1314,3,1,34000.0,2620.64,31379.36
1315,1315,1,1,28500.0,1619.66,26880.34
1316,1316,1,1,28500.0,1669.87,26830.13
1317,1317,11,1,69000.0,3907.96,65092.04
1318,1318,13,1,56000.0,5164.65,50835.35
1319,1319,1,1,28500.0,2137.74,26362.26
1320,1320,16,1,23000.0,1669.98,21330.02
1321,1321,12,1,84500.0,6831.8,77668.2
1322,1322,19,1,49500.0,2460.19,47039.81
1323,1323,1,1,28500.0,1362.28,27137.72
1324,1324,4,1,46500.0,2357.92,44142.08
1325,1325,3,1,34000.0,2644.55,31355.45
1326,1326,8,1,21500.0,1347.31,20152.69
1327,1327,4,3,46500.0,12597.93,126902.07
1328,1328,17,1,38500.0,1404.15,37095.85
1329,1329,9,1,44000.0,3149.74,40850.26
1330,1330,4,1,46500.0,2778.25,43721.75
1331,1331,20,1,62000.0,4362.71,57637.29
1332,1332,16,1,23000.0,1981.75,21018.25
1333,1333,1,1,28500.0,2212.43,26287.57
1334,1334,1,1,28500.0,2359.49,26140.51
1335,1335,18,4,82000.0,14850.88,313149.12
1336,1336,1,1,28500.0,1226.19,27273.81
1337,1337,7,1,36500.0,2655.52,33844.48
1338,1338,1,1,28500.0,1193.85,27306.15
1339,1339,3,1,34000.0,1847.37,32152.63
1340,1340,3,1,34000.0,2076.87,31923.13
1341,1341,8,1,21500.0,1624.62,19875.38
1342,1342,1,2,28500.0,4340.34,52659.66
1343,1343,12,1,84500.0,2988.28,81511.72
1344,1344,14,1,48500.0,3723.77,44776.23
1345,1345,5,1,42000.0,3977.55,38022.45
1346,1346,14,1,48500.0,4126.84,44373.16
1347,1347,17,1,38500.0,1363.65,37136.35
1348,1348,10,1,78500.0,5859.64,72640.36
1349,1349,2,1,37500.0,1736.33,35763.67
1350,1350,3,1,34000.0,3224.53,30775.47
1351,1351,6,1,31000.0,1301.29,29698.71
1352,1352,11,1,69000.0,4552.13,64447.87
1353,1353,19,1,49500.0,4357.55,45142.45
1354,1354,15,1,54500.0,4791.41,49708.59
1355,1355,15,1,54500.0,5076.64,49423.36
1356,1356,13,1,56000.0,2958.55,53041.45
1357,1357,13,1,56000.0,4111.24,51888.76
1358,1358,11,1,69000.0,6367.89,62632.11
1359,1359,18,1,82000.0,3224.45,78775.55
1360,1360,15,1,54500.0,3430.31,51069.69
1361,1361,3,1,34000.0,1592.64,32407.36
1362,1362,15,1,54500.0,2640.66,51859.34
1363,1363,5,1,42000.0,2131.45,39868.55
1364,1364,8,1,21500.0,1668.87,19831.13
1365,1365,4,1,46500.0,4346.01,42153.99
1366,1366,12,1,84500.0,7807.22,76692.78
1367,1367,13,1,56000.0,4164.88,51835.12
1368,1368,11,1,69000.0,4818.82,64181.18
1369,1369,4,1,46500.0,2009.45,44490.55
1370,1370,7,1,36500.0,2103.19,34396.81
1371,1371,1,1,28500.0,1175.65,27324.35
1372,1372,9,1,44000.0,2356.65,41643.35
1373,1373,8,1,21500.0,1726.33,19773.67
1374,1374,14,1,48500.0,1820.08,46679.92
1375,1375,7,1,36500.0,2887.89,33612.11
1376,1376,15,1,54500.0,5046.65,49453.35
1377,1377,3,1,34000.0,2987.32,31012.68
1378,1378,11,1,69000.0,3147.3,65852.7
1379,1379,9,1,44000.0,2803.38,41196.62
1380,1380,17,1,38500.0,1489.1,37010.9
1381,1381,3,1,34000.0,2506.77,31493.23
1382,1382,13,1,56000.0,3230.08,52769.92
1383,1383,5,1,42000.0,2410.16,39589.84
1384,1384,15,1,54500.0,3216.76,51283.24
1385,1385,11,2,69000.0,7918.36,130081.64
1386,1386,14,1,48500.0,1845.9,46654.1
1387,1387,8,1,21500.0,1659.8,19840.2
1388,1388,14,2,48500.0,7257.22,89742.78
1389,1389,14,1,48500.0,3677.63,44822.37
1390,1390,12,1,84500.0,3428.58,81071.42
1391,1391,16,1,23000.0,1643.94,21356.06
1392,1392,12,1,84500.0,5598.79,78901.21
1393,1393,10,1,78500.0,6206.86,72293.14
1394,1394,15,1,54500.0,4316.3,50183.7
1395,1395,12,1,84500.0,6345.84,78154.16
1396,1396,15,1,54500.0,2556.79,51943.21
1397,1397,1,1,28500.0,2453.67,26046.33
1398,1398,14,1,48500.0,3469.25,45030.75
1399,1399,16,1,23000.0,2166.6,20833.4
1400,1400,14,1,48500.0,2995.4,45504.6
1401,1401,15,1,54500.0,4387.77,50112.23
1402,1402,7,1,36500.0,3227.74,33272.26
1403,1403,9,1,44000.0,1611.85,42388.15
1404,1404,18,1,82000.0,6822.32,75177.68
1405,1405,4,1,46500.0,2684.26,43815.74
1406,1406,3,1,34000.0,2285.27,31714.73
1407,1407,1,1,28500.0,1838.04,26661.96
1408,1408,7,1,36500.0,2156.43,34343.57
1409,1409,15,1,54500.0,3154.11,51345.89
1410,1410,8,2,21500.0,1597.88,41402.12
1411,1411,7,1,36500.0,3177.24,33322.76
1412,1412,11,3,69000.0,9557.01,197442.99
1413,1413,17,1,38500.0,2358.43,36141.57
1414,1414,4,1,46500.0,4112.57,42387.43
1415,1415,4,1,46500.0,4254.34,42245.66
1416,1416,1,1,28500.0,2240.36,26259.64
1417,1417,3,1,34000.0,2037.76,31962.24
1418,1418,8,1,21500.0,1433.16,20066.84
1419,1419,4,1,46500.0,2125.0,44375.0
1420,1420,11,1,69000.0,4827.31,64172.69
1421,1421,8,3,21500.0,5583.6,58916.4
1422,1422,12,1,84500.0,5108.69,79391.31
1423,1423,5,1,42000.0,2625.13,39374.87
1424,1424,6,1,31000.0,2381.12,28618.88
1425,1425,13,1,56000.0,2410.25,53589.75
1426,1426,5,1,42000.0,3332.45,38667.55
1427,1427,3,1,34000.0,2434.93,31565.07
1428,1428,5,1,42000.0,2663.43,39336.57
1429,1429,15,1,54500.0,2206.91,52293.09
1430,1430,3,1,34000.0,1549.1,32450.9
1431,1431,3,1,34000.0,2822.97,31177.03
1432,1432,5,1,42000.0,3897.35,38102.65
1433,1433,4,2,46500.0,5831.18,87168.82
1434,1434,7,1,36500.0,2377.98,34122.02
1435,1435,2,1,37500.0,2167.15,35332.85
1436,1436,18,1,82000.0,6447.14,75552.86
1437,1437,3,1,34000.0,1213.14,32786.86
1438,1438,15,1,54500.0,5132.06,49367.94
1439,1439,2,1,37500.0,3171.85,34328.15
1440,1440,16,1,23000.0,2129.36,20870.64
1441,1441,20,1,62000.0,3580.31,58419.69
1442,1442,13,1,56000.0,3294.64,52705.36
1443,1443,15,1,54500.0,3804.09,50695.91
1444,1444,6,1,31000.0,2079.2,28920.8
1445,1445,6,1,31000.0,1349.38,29650.62
1446,1446,4,1,46500.0,3773.84,42726.16
1447,1447,19,1,49500.0,3359.48,46140.52
1448,1448,16,1,23000.0,1518.82,21481.18
1449,1449,6,1,31000.0,2154.66,28845.34
1450,1450,15,1,54500.0,2490.42,52009.58
1451,1451,2,3,37500.0,7423.17,105076.83
1452,1452,6,2,31000.0,4971.38,57028.62
1453,1453,20,1,62000.0,5323.07,56676.93
1454,1454,9,1,44000.0,1935.57,42064.43
1455,1455,4,1,46500.0,2653.24,43846.76
1456,1456,12,1,84500.0,3125.55,81374.45
1457,1457,15,1,54500.0,3457.03,51042.97
1458,1458,7,1,36500.0,1674.42,34825.58
1459,1459,15,1,54500.0,3463.95,51036.05
1460,1460,3,1,34000.0,2512.66,31487.34
1461,1461,7,1,36500.0,2483.76,34016.24
1462,1462,20,1,62000.0,3226.0,58774.0
1463,1463,14,1,48500.0,4180.28,44319.72
1464,1464,12,1,84500.0,7314.89,77185.11
1465,1465,3,1,34000.0,2676.67,31323.33
1466,1466,5,1,42000.0,2481.35,39518.65
1467,1467,11,1,69000.0,6431.08,62568.92
1468,1468,11,3,69000.0,10253.76,196746.24
1469,1469,19,1,49500.0,1911.9,47588.1
1470,1470,9,1,44000.0,2622.05,41377.95
1471,1471,16,1,23000.0,1522.86,21477.14
1472,1472,15,1,54500.0,3330.58,51169.42
1473,1473,2,1,37500.0,2372.0,35128.0
1474,1474,11,1,69000.0,5580.92,63419.08
1475,1475,6,1,31000.0,2857.64,28142.36
1476,1476,7,1,36500.0,2225.07,34274.93
1477,1477,11,1,69000.0,6486.46,62513.54
1478,1478,11,1,69000.0,3884.5,65115.5
1479,1479,4,1,46500.0,1726.11,44773.89
1480,1480,4,1,46500.0,2278.19,44221.81
1481,1481,9,1,44000.0,2766.91,41233.09
1482,1482,5,1,42000.0,3566.64,38433.36
1483,1483,16,1,23000.0,1078.54,21921.46
1484,1484,4,1,46500.0,3867.28,42632.72
1485,1485,4,1,46500.0,3284.38,43215.62
1486,1486,8,1,21500.0,1618.21,19881.79
1487,1487,11,1,69000.0,5413.02,63586.98
1488,1488,13,1,56000.0,2773.17,53226.83
1489,1489,16,1,23000.0,1199.68,21800.32
1490,1490,7,1,36500.0,2110.07,34389.93
1491,1491,6,1,31000.0,2722.72,28277.28
1492,1492,18,1,82000.0,13285.4,68714.6
1493,1493,16,1,23000.0,2948.46,20051.54
1494,1494,1,1,28500.0,3162.59,25337.41
1495,1495,5,1,42000.0,4247.03,37752.97
1496,1496,1,1,28500.0,3264.7,25235.3
1497,1497,1,1,28500.0,3538.69,24961.31
1498,1498,12,1,84500.0,14077.76,70422.24
1499,1499,3,1,34000.0,3275.57,30724.43
1500,1500,9,1,44000.0,5688.44,38311.56
1501,1501,14,1,48500.0,3873.4,44626.6
1502,1502,11,1,69000.0,10696.8,58303.2
1503,1503,1,1,28500.0,3531.02,24968.98
1504,1504,2,1,37500.0,4737.53,32762.47
1505,1505,19,1,49500.0,4056.83,45443.17
1506,1506,17,1,38500.0,3887.96,34612.04
1507,1507,18,1,82000.0,16904.48,65095.52
1508,1508,4,1,46500.0,5095.9,41404.1
1509,1509,18,1,82000.0,11652.64,70347.36
1510,1510,20,1,62000.0,6851.9,55148.1
1511,1511,3,1,34000.0,3655.77,30344.23
1512,1512,4,1,46500.0,5693.59,40806.41
1513,1513,18,1,82000.0,10613.46,71386.54
1514,1514,4,1,46500.0,6114.08,40385.92
1515,1515,9,1,44000.0,3400.69,40599.31
1516,1516,6,1,31000.0,4015.15,26984.85
1517,1517,6,1,31000.0,3456.6,27543.4
1518,1518,18,1,82000.0,12177.72,69822.28
1519,1519,20,1,62000.0,7150.94,54849.06
1520,1520,5,1,42000.0,5087.19,36912.81
1521,1521,18,1,82000.0,16554.18,65445.82
1522,1522,1,1,28500.0,2245.07,26254.93
1523,1523,1,1,28500.0,2686.46,25813.54
1524,1524,12,1,84500.0,17354.21,67145.79
1525,1525,3,1,34000.0,4030.23,29969.77
1526,1526,1,2,28500.0,7036.46,49963.54
1527,1527,14,1,48500.0,4521.37,43978.63
1528,1528,17,1,38500.0,3074.17,35425.83
1529,1529,17,3,38500.0,13369.92,102130.08
1530,1530,15,1,54500.0,7331.8,47168.2
1531,1531,14,1,48500.0,5841.03,42658.97
1532,1532,14,1,48500.0,4742.4,43757.6
1533,1533,12,1,84500.0,11550.69,72949.31
1534,1534,1,1,28500.0,3576.29,24923.71
1535,1535,3,1,34000.0,4158.45,29841.55
1536,1536,8,1,21500.0,1905.44,19594.56
1537,1537,5,1,42000.0,3892.12,38107.88
1538,1538,5,1,42000.0,3441.32,38558.68
1539,1539,19,1,49500.0,4338.15,45161.85
1540,1540,4,1,46500.0,6223.26,40276.74
1541,1541,12,1,84500.0,11769.35,72730.65
1542,1542,11,1,69000.0,10723.64,58276.36
1543,1543,4,1,46500.0,5860.36,40639.64
1544,1544,9,1,44000.0,4733.73,39266.27
1545,1545,3,1,34000.0,4521.84,29478.16
1546,1546,9,1,44000.0,5167.85,38832.15
1547,1547,18,1,82000.0,15725.91,66274.09
1548,1548,19,1,49500.0,5187.24,44312.76
1549,1549,8,1,21500.0,2900.46,18599.54
1550,1550,16,1,23000.0,2897.34,20102.66
1551,1551,4,1,46500.0,6198.88,40301.12
1552,1552,16,1,23000.0,2255.57,20744.43
1553,1553,13,1,56000.0,5726.08,50273.92
1554,1554,4,1,46500.0,4339.99,42160.01
1555,1555,13,1,56000.0,5416.02,50583.98
1556,1556,14,1,48500.0,4235.8,44264.2
1557,1557,16,1,23000.0,2001.64,20998.36
1558,1558,8,1,21500.0,1806.49,19693.51
1559,1559,8,1,21500.0,1946.98,19553.02
1560,1560,2,1,37500.0,4425.53,33074.47
1561,1561,12,1,84500.0,12080.87,72419.13
1562,1562,5,1,42000.0,3694.1,38305.9
1563,1563,17,1,38500.0,2986.6,35513.4
1564,1564,4,1,46500.0,5749.63,40750.37
1565,1565,7,1,36500.0,3180.08,33319.92
1566,1566,4,1,46500.0,5674.28,40825.72
1567,1567,6,1,31000.0,3493.61,27506.39
1568,1568,9,1,44000.0,4973.36,39026.64
1569,1569,9,2,44000.0,7710.78,80289.22
1570,1570,15,1,54500.0,4285.21,50214.79
1571,1571,12,1,84500.0,15962.95,68537.05
1572,1572,1,1,28500.0,2974.17,25525.83
1573,1573,10,1,78500.0,13453.64,65046.36
1574,1574,1,1,28500.0,2635.2,25864.8
1575,1575,4,1,46500.0,5337.88,41162.12
1576,1576,18,1,82000.0,14301.55,67698.45
1577,1577,2,1,37500.0,3091.95,34408.05
1578,1578,19,1,49500.0,4776.4,44723.6
1579,1579,12,1,84500.0,13799.25,70700.75
1580,1580,3,1,34000.0,3689.19,30310.81
1581,1581,4,1,46500.0,5668.62,40831.38
1582,1582,12,1,84500.0,16188.1,68311.9
1583,1583,15,1,54500.0,6933.51,47566.49
1584,1584,14,1,48500.0,5889.86,42610.14
1585,1585,17,1,38500.0,3935.04,34564.96
1586,1586,9,1,44000.0,4060.6,39939.4
1587,1587,12,2,84500.0,31601.1,137398.9
1588,1588,9,1,44000.0,4282.35,39717.65
1589,1589,2,1,37500.0,2850.81,34649.19
1590,1590,4,1,46500.0,4704.99,41795.01
1591,1591,13,1,56000.0,6858.55,49141.45
1592,1592,4,3,46500.0,11326.44,128173.56
1593,1593,19,1,49500.0,4792.19,44707.81
1594,1594,7,1,36500.0,3852.15,32647.85
1595,1595,19,1,49500.0,5733.56,43766.44
1596,1596,7,3,36500.0,11651.97,97848.03
1597,1597,6,1,31000.0,2705.57,28294.43
1598,1598,1,1,28500.0,3281.68,25218.32
1599,1599,19,1,49500.0,5048.39,44451.61
1600,1600,9,1,44000.0,3544.74,40455.26
1601,1601,18,1,82000.0,12629.35,69370.65
1602,1602,9,1,44000.0,4908.77,39091.23
1603,1603,5,1,42000.0,5192.14,36807.86
1604,1604,18,1,82000.0,16689.68,65310.32
1605,1605,5,1,42000.0,4602.88,37397.12
1606,1606,13,1,56000.0,6469.65,49530.35
1607,1607,19,1,49500.0,4856.08,44643.92
1608,1608,1,1,28500.0,2230.03,26269.97
1609,1609,15,1,54500.0,4206.6,50293.4
1610,1610,9,1,44000.0,4503.61,39496.39
1611,1611,1,1,28500.0,2719.47,25780.53
1612,1612,19,1,49500.0,5199.59,44300.41
1613,1613,2,1,37500.0,4882.71,32617.29
1614,1614,16,1,23000.0,2992.26,20007.74
1615,1615,4,1,46500.0,5724.45,40775.55
1616,1616,12,1,84500.0,13500.26,70999.74
1617,1617,5,1,42000.0,3260.19,38739.81
1618,1618,20,1,62000.0,5913.88,56086.12
1619,1619,8,1,21500.0,1686.6,19813.4
1620,1620,8,1,21500.0,1710.56,19789.44
1621,1621,11,1,69000.0,10807.38,58192.62
1622,1622,19,1,49500.0,5440.09,44059.91
1623,1623,4,1,46500.0,5087.67,41412.33
1624,1624,2,2,37500.0,8355.56,66644.44
1625,1625,5,1,42000.0,4322.96,37677.04
1626,1626,9,1,44000.0,4463.81,39536.19
1627,1627,8,1,21500.0,2295.15,19204.85
1628,1628,11,1,69000.0,9997.37,59002.63
1629,1629,12,1,84500.0,16032.46,68467.54
1630,1630,11,1,69000.0,12808.34,56191.66
1631,1631,12,1,84500.0,15256.76,69243.24
1632,1632,7,1,36500.0,2744.57,33755.43
1633,1633,16,1,23000.0,2677.61,20322.39
1634,1634,3,1,34000.0,3336.82,30663.18
1635,1635,5,1,42000.0,4648.46,37351.54
1636,1636,10,1,78500.0,14925.51,63574.49
1637,1637,13,1,56000.0,4835.5,51164.5
1638,1638,12,1,84500.0,16170.57,68329.43
1639,1639,7,1,36500.0,2872.36,33627.64
1640,1640,7,1,36500.0,3199.19,33300.81
1641,1641,5,2,42000.0,10549.24,73450.76
1642,1642,12,1,84500.0,13752.03,70747.97
1643,1643,17,1,38500.0,3884.27,34615.73
1644,1644,14,1,48500.0,5077.8,43422.2
1645,1645,3,2,34000.0,5380.34,62619.66
1646,1646,13,1,56000.0,6187.52,49812.48
1647,1647,1,1,28500.0,3516.76,24983.24
1648,1648,5,1,42000.0,5312.43,36687.57
1649,1649,18,1,82000.0,15763.32,66236.68
1650,1650,3,2,34000.0,5511.04,62488.96
1651,1651,6,1,31000.0,3039.89,27960.11
1652,1652,13,1,56000.0,6537.78,49462.22
1653,1653,18,1,82000.0,16410.09,65589.91
1654,1654,13,1,56000.0,4838.02,51161.98
1655,1655,20,1,62000.0,5905.26,56094.74
1656,1656,3,1,34000.0,3220.63,30779.37
1657,1657,6,1,31000.0,3697.17,27302.83
1658,1658,6,1,31000.0,2535.0,28465.0
1659,1659,6,1,31000.0,3091.67,27908.33
1660,1660,20,1,62000.0,6560.18,55439.82
1661,1661,11,1,69000.0,14492.16,54507.84
1662,1662,5,1,42000.0,3496.23,38503.77
1663,1663,7,1,36500.0,4801.95,31698.05
1664,1664,9,1,44000.0,3378.24,40621.76
1665,1665,16,1,23000.0,2916.3,20083.7
1666,1666,3,1,34000.0,2588.09,31411.91
1667,1667,20,1,62000.0,6854.51,55145.49
1668,1668,6,1,31000.0,3803.77,27196.23
1669,1669,8,1,21500.0,2066.94,19433.06
1670,1670,4,1,46500.0,3713.14,42786.86
1671,1671,18,1,82000.0,14683.56,67316.44
1672,1672,10,1,78500.0,10103.21,68396.79
1673,1673,3,1,34000.0,4216.95,29783.05
1674,1674,19,1,49500.0,4008.02,45491.98
1675,1675,3,2,34000.0,7104.24,60895.76
1676,1676,17,3,38500.0,9857.85,105642.15
1677,1677,11,1,69000.0,14200.77,54799.23
1678,1678,8,1,21500.0,2890.29,18609.71
1679,1679,18,1,82000.0,12829.21,69170.79
1680,1680,9,1,44000.0,3362.66,40637.34
1681,1681,7,1,36500.0,3139.84,33360.16
1682,1682,5,1,42000.0,3413.27,38586.73
1683,1683,15,1,54500.0,5955.4,48544.6
1684,1684,6,1,31000.0,3777.85,27222.15
1685,1685,3,3,34000.0,8954.07,93045.93
1686,1686,5,1,42000.0,4010.79,37989.21
1687,1687,8,1,21500.0,2420.53,19079.47
1688,1688,6,1,31000.0,2843.81,28156.19
1689,1689,18,1,82000.0,12676.45,69323.55
1690,1690,15,1,54500.0,6558.84,47941.16
1691,1691,4,2,46500.0,10969.2,82030.8
1692,1692,3,1,34000.0,4563.82,29436.18
1693,1693,10,1,78500.0,12911.0,65589.0
1694,1694,8,1,21500.0,1760.82,19739.18
1695,1695,14,1,48500.0,5556.98,42943.02
1696,1696,2,1,37500.0,3293.53,34206.47
1697,1697,17,1,38500.0,3167.5,35332.5
1698,1698,16,3,23000.0,5576.16,63423.84
1699,1699,9,1,44000.0,3822.22,40177.78
1700,1700,13,1,56000.0,4581.5,51418.5
1701,1701,5,1,42000.0,3594.87,38405.13
1702,1702,15,1,54500.0,5282.81,49217.19
1703,1703,14,1,48500.0,5445.12,43054.88
1704,1704,11,1,69000.0,10036.2,58963.8
1705,1705,4,1,46500.0,4457.9,42042.1
1706,1706,12,1,84500.0,16322.8,68177.2
1707,1707,8,1,21500.0,1939.01,19560.99
1708,1708,11,1,69000.0,14102.53,54897.47
1709,1709,6,1,31000.0,3536.95,27463.05
1710,1710,7,1,36500.0,2940.25,33559.75
1711,1711,10,3,78500.0,36385.47,199114.53
1712,1712,19,1,49500.0,6497.86,43002.14
1713,1713,11,1,69000.0,12615.9,56384.1
1714,1714,15,1,54500.0,6241.6,48258.4
1715,1715,13,1,56000.0,7097.99,48902.01
1716,1716,4,1,46500.0,3712.85,42787.15
1717,1717,10,1,78500.0,11986.99,66513.01
1718,1718,3,1,34000.0,3824.9,30175.1
1719,1719,12,1,84500.0,15575.29,68924.71
1720,1720,9,1,44000.0,5817.92,38182.08
1721,1721,19,2,49500.0,10748.02,88251.98
1722,1722,4,1,46500.0,6228.41,40271.59
1723,1723,19,1,49500.0,4820.66,44679.34
1724,1724,2,1,37500.0,3164.9,34335.1
1725,1725,18,1,82000.0,15519.65,66480.35
1726,1726,17,1,38500.0,4131.27,34368.73
1727,1727,2,1,37500.0,3810.83,33689.17
1728,1728,12,1,84500.0,12960.7,71539.3
1729,1729,4,2,46500.0,8582.22,84417.78
1730,1730,7,1,36500.0,4772.16,31727.84
1731,1731,18,1,82000.0,15015.84,66984.16
1732,1732,10,1,78500.0,15082.77,63417.23
1733,1733,9,1,44000.0,4002.16,39997.84
1734,1734,17,1,38500.0,4823.29,33676.71
1735,1735,16,1,23000.0,1887.58,21112.42
1736,1736,17,1,38500.0,3693.52,34806.48
1737,1737,1,1,28500.0,3634.54,24865.46
1738,1738,8,1,21500.0,2672.64,18827.36
1739,1739,1,1,28500.0,3396.69,25103.31
1740,1740,2,1,37500.0,4576.35,32923.65
1741,1741,5,1,42000.0,5444.27,36555.73
1742,1742,2,1,37500.0,3148.29,34351.71
1743,1743,9,1,44000.0,4541.13,39458.87
1744,1744,19,1,49500.0,6139.55,43360.45
1745,1745,17,1,38500.0,3484.79,35015.21
1746,1746,19,1,49500.0,6200.84,43299.16
1747,1747,14,1,48500.0,4757.46,43742.54
1748,1748,12,1,84500.0,14269.48,70230.52
1749,1749,15,1,54500.0,4551.0,49949.0
1750,1750,9,1,44000.0,3391.61,40608.39
1751,1751,9,1,44000.0,3952.53,40047.47
1752,1752,11,1,69000.0,10983.11,58016.89
1753,1753,12,2,84500.0,30493.9,138506.1
1754,1754,20,1,62000.0,6257.14,55742.86
1755,1755,7,1,36500.0,4232.21,32267.79
1756,1756,14,1,48500.0,5685.21,42814.79
1757,1757,15,1,54500.0,6069.78,48430.22
1758,1758,5,1,42000.0,5258.44,36741.56
1759,1759,2,1,37500.0,4238.8,33261.2
1760,1760,13,1,56000.0,4992.36,51007.64
1761,1761,1,1,28500.0,2229.25,26270.75
1762,1762,19,1,49500.0,3858.83,45641.17
1763,1763,13,1,56000.0,5764.52,50235.48
1764,1764,18,1,82000.0,12508.33,69491.67
1765,1765,8,1,21500.0,2185.02,19314.98
1766,1766,8,1,21500.0,2360.83,19139.17
1767,1767,4,1,46500.0,4066.97,42433.03
1768,1768,19,1,49500.0,3920.02,45579.98
1769,1769,14,1,48500.0,4692.76,43807.24
1770,1770,17,1,38500.0,4518.82,33981.18
1771,1771,6,1,31000.0,3717.67,27282.33
1772,1772,8,1,21500.0,2257.79,19242.21
1773,1773,4,3,46500.0,14985.72,124514.28
1774,1774,16,1,23000.0,3010.92,19989.08
1775,1775,5,1,42000.0,3841.03,38158.97
1776,1776,2,1,37500.0,3480.04,34019.96
1777,1777,16,1,23000.0,2271.32,20728.68
1778,1778,11,1,69000.0,10321.82,58678.18
1779,1779,17,1,38500.0,3344.79,35155.21
1780,1780,4,1,46500.0,5848.55,40651.45
1781,1781,5,1,42000.0,5616.93,36383.07
1782,1782,19,1,49500.0,6118.17,43381.83
1783,1783,2,1,37500.0,4951.99,32548.01
1784,1784,19,3,49500.0,16784.49,131715.51
1785,1785,11,1,69000.0,12257.54,56742.46
1786,1786,18,1,82000.0,15451.41,66548.59
1787,1787,6,1,31000.0,4068.45,26931.55
1788,1788,19,1,49500.0,5542.24,43957.76
1789,1789,16,1,23000.0,2041.78,20958.22
1790,1790,5,1,42000.0,4210.49,37789.51
1791,1791,6,1,31000.0,2622.49,28377.51
1792,1792,19,1,49500.0,4432.33,45067.67
1793,1793,8,1,21500.0,1657.6,19842.4
1794,1794,19,1,49500.0,5784.04,43715.96
1795,1795,9,1,44000.0,5916.74,38083.26
1796,1796,11,1,69000.0,9311.76,59688.24
1797,1797,4,1,46500.0,3986.13,42513.87
1798,1798,3,1,34000.0,3469.77,30530.23
1799,1799,17,1,38500.0,5092.55,33407.45
1800,1800,2,1,37500.0,3786.76,33713.24
1801,1801,1,1,28500.0,2430.11,26069.89
1802,1802,12,1,84500.0,13994.94,70505.06
1803,1803,16,1,23000.0,2341.28,20658.72
1804,1804,15,1,54500.0,5371.64,49128.36
1805,1805,4,1,46500.0,5510.49,40989.51
1806,1806,1,1,28500.0,3668.62,24831.38
1807,1807,15,1,54500.0,4980.75,49519.25
1808,1808,19,1,49500.0,5006.32,44493.68
1809,1809,8,3,21500.0,6936.63,57563.37
1810,1810,15,1,54500.0,5722.0,48778.0
1811,1811,16,1,23000.0,1778.83,21221.17
1812,1812,5,1,42000.0,5378.46,36621.54
1813,1813,5,1,42000.0,3299.48,38700.52
1814,1814,7,1,36500.0,3208.26,33291.74
1815,1815,12,1,84500.0,14985.41,69514.59
1816,1816,4,1,46500.0,3703.56,42796.44
1817,1817,19,1,49500.0,5585.88,43914.12
1818,1818,4,1,46500.0,5948.95,40551.05
1819,1819,7,1,36500.0,3164.46,33335.54
1820,1820,19,1,49500.0,4499.48,45000.52
1821,1821,4,1,46500.0,3830.72,42669.28
1822,1822,9,1,44000.0,4464.05,39535.95
1823,1823,20,2,62000.0,14142.8,109857.2
1824,1824,1,1,28500.0,2997.92,25502.08
1825,1825,2,1,37500.0,3416.97,34083.03
1826,1826,16,1,23000.0,2823.21,20176.79
1827,1827,11,1,69000.0,10843.92,58156.08
1828,1828,10,1,78500.0,15766.08,62733.92
1829,1829,2,1,37500.0,4726.05,32773.95
1830,1830,8,1,21500.0,2440.21,19059.79
1831,1831,15,1,54500.0,6844.3,47655.7
1832,1832,3,1,34000.0,3018.43,30981.57
1833,1833,2,1,37500.0,3642.69,33857.31
1834,1834,1,1,28500.0,3633.02,24866.98
1835,1835,9,1,44000.0,5721.54,38278.46
1836,1836,14,1,48500.0,6299.79,42200.21
1837,1837,7,1,36500.0,3263.98,33236.02
1838,1838,15,1,54500.0,7017.59,47482.41
1839,1839,15,1,54500.0,6680.97,47819.03
1840,1840,5,1,42000.0,4877.84,37122.16
1841,1841,9,1,44000.0,3400.45,40599.55
1842,1842,5,1,42000.0,5390.13,36609.87
1843,1843,5,1,42000.0,4972.0,37028.0
1844,1844,17,1,38500.0,4270.77,34229.23
1845,1845,3,1,34000.0,4497.07,29502.93
1846,1846,13,1,56000.0,5039.33,50960.67
1847,1847,3,1,34000.0,4403.35,29596.65
1848,1848,11,1,69000.0,12362.06,56637.94
1849,1849,12,1,84500.0,16069.17,68430.83
1850,1850,8,1,21500.0,1855.78,19644.22
1851,1851,15,1,54500.0,4162.18,50337.82
1852,1852,6,1,31000.0,3840.84,27159.16
1853,1853,15,1,54500.0,4902.54,49597.46
1854,1854,9,1,44000.0,5328.6,38671.4
1855,1855,6,4,31000.0,14695.72,109304.28
1856,1856,8,1,21500.0,2676.32,18823.68
1857,1857,19,1,49500.0,5108.18,44391.82
1858,1858,10,1,78500.0,15593.9,62906.1
1859,1859,15,1,54500.0,5471.88,49028.12
1860,1860,17,1,38500.0,3696.12,34803.88
1861,1861,11,1,69000.0,14393.71,54606.29
1862,1862,18,1,82000.0,14703.05,67296.95
1863,1863,15,2,54500.0,8937.34,100062.66
1864,1864,8,1,21500.0,2378.06,19121.94
1865,1865,17,1,38500.0,4336.96,34163.04
1866,1866,11,1,69000.0,11880.06,57119.94
1867,1867,1,1,28500.0,2971.74,25528.26
1868,1868,4,1,46500.0,4570.88,41929.12
1869,1869,20,1,62000.0,7370.85,54629.15
1870,1870,4,3,46500.0,14182.86,125317.14
1871,1871,1,1,28500.0,2552.75,25947.25
1872,1872,6,1,31000.0,4033.37,26966.63
1873,1873,1,1,28500.0,3521.81,24978.19
1874,1874,5,1,42000.0,3175.63,38824.37
1875,1875,12,1,84500.0,13595.54,70904.46
1876,1876,4,1,46500.0,5111.41,41388.59
1877,1877,8,1,21500.0,1808.27,19691.73
1878,1878,3,1,34000.0,3219.13,30780.87
1879,1879,8,1,21500.0,2695.0,18805.0
1880,1880,17,1,38500.0,4228.23,34271.77
1881,1881,6,1,31000.0,2957.28,28042.72
1882,1882,12,1,84500.0,17138.98,67361.02
1883,1883,15,1,54500.0,6282.83,48217.17
1884,1884,14,4,48500.0,20958.76,173041.24
1885,1885,6,1,31000.0,4081.32,26918.68
1886,1886,19,1,49500.0,5580.41,43919.59
1887,1887,9,1,44000.0,4886.74,39113.26
1888,1888,8,1,21500.0,2539.6,18960.4
1889,1889,7,1,36500.0,4669.51,31830.49
1890,1890,20,1,62000.0,7579.36,54420.64
1891,1891,8,1,21500.0,2426.24,19073.76
1892,1892,13,1,56000.0,5872.64,50127.36
1893,1893,13,1,56000.0,4547.98,51452.02
1894,1894,2,1,37500.0,3220.74,34279.26
1895,1895,18,1,82000.0,15082.43,66917.57
1896,1896,7,1,36500.0,2784.25,33715.75
1897,1897,10,1,78500.0,14642.17,63857.83
1898,1898,17,2,38500.0,7650.68,69349.32
1899,1899,11,1,69000.0,12007.54,56992.46
1900,1900,6,1,31000.0,3435.6,27564.4
1901,1901,8,1,21500.0,1946.31,19553.69
1902,1902,11,1,69000.0,12896.89,56103.11
1903,1903,16,1,23000.0,2474.96,20525.04
1904,1904,1,1,28500.0,3797.15,24702.85
1905,1905,5,1,42000.0,4726.53,37273.47
1906,1906,2,1,37500.0,2986.04,34513.96
1907,1907,8,1,21500.0,2099.52,19400.48
1908,1908,7,1,36500.0,4236.62,32263.38
1909,1909,6,1,31000.0,3671.46,27328.54
1910,1910,18,1,82000.0,11542.29,70457.71
1911,1911,19,1,49500.0,4743.55,44756.45
1912,1912,16,1,23000.0,2479.4,20520.6
1913,1913,18,1,82000.0,13195.18,68804.82
1914,1914,9,1,44000.0,4674.56,39325.44
1915,1915,1,1,28500.0,2939.64,25560.36
1916,1916,16,1,23000.0,2646.14,20353.86
1917,1917,4,1,46500.0,4570.55,41929.45
1918,1918,10,1,78500.0,12519.99,65980.01
1919,1919,1,1,28500.0,3387.71,25112.29
1920,1920,4,1,46500.0,5801.28,40698.72
1921,1921,17,1,38500.0,3228.23,35271.77
1922,1922,9,1,44000.0,5536.44,38463.56
1923,1923,13,1,56000.0,6716.74,49283.26
1924,1924,8,1,21500.0,2593.36,18906.64
1925,1925,16,2,23000.0,3949.56,42050.44
1926,1926,6,1,31000.0,2409.61,28590.39
1927,1927,2,1,37500.0,3368.4,34131.6
1928,1928,16,1,23000.0,2055.8,20944.2
1929,1929,18,1,82000.0,15575.57,66424.43
1930,1930,17,1,38500.0,3625.14,34874.86
1931,1931,20,1,62000.0,4843.39,57156.61
1932,1932,9,1,44000.0,5648.71,38351.29
1933,1933,3,1,34000.0,3353.27,30646.73
1934,1934,3,2,34000.0,7276.6,60723.4
1935,1935,11,1,69000.0,11152.84,57847.16
1936,1936,7,1,36500.0,3310.46,33189.54
1937,1937,12,1,84500.0,12175.4,72324.6
1938,1938,12,1,84500.0,15596.62,68903.38
1939,1939,10,1,78500.0,13013.18,65486.82
1940,1940,11,1,69000.0,12388.91,56611.09
1941,1941,4,2,46500.0,9618.8,83381.2
1942,1942,8,1,21500.0,2010.08,19489.92
1943,1943,11,3,69000.0,32654.76,174345.24
1944,1944,19,1,49500.0,3902.52,45597.48
1945,1945,5,1,42000.0,4298.45,37701.55
1946,1946,5,1,42000.0,4939.17,37060.83
1947,1947,1,1,28500.0,2860.5,25639.5
1948,1948,15,1,54500.0,5086.5,49413.5
1949,1949,20,1,62000.0,6437.24,55562.76
1950,1950,8,1,21500.0,2844.13,18655.87
1951,1951,15,1,54500.0,4481.12,50018.88
1952,1952,1,1,28500.0,2344.27,26155.73
1953,1953,15,3,54500.0,13268.88,150231.12
1954,1954,19,1,49500.0,5754.54,43745.46
1955,1955,4,1,46500.0,3688.0,42812.0
1956,1956,10,1,78500.0,12303.52,66196.48
1957,1957,6,1,31000.0,3558.41,27441.59
1958,1958,2,1,37500.0,4647.46,32852.54
1959,1959,14,1,48500.0,6483.01,42016.99
1960,1960,17,1,38500.0,2961.47,35538.53
1961,1961,1,1,28500.0,2156.54,26343.46
1962,1962,10,1,78500.0,11889.15,66610.85
1963,1963,6,1,31000.0,2672.98,28327.02
1964,1964,8,1,21500.0,2284.57,19215.43
1965,1965,3,1,34000.0,3823.8,30176.2
1966,1966,16,1,23000.0,2320.51,20679.49
1967,1967,3,1,34000.0,3627.17,30372.83
1968,1968,4,1,46500.0,5746.0,40754.0
1969,1969,11,1,69000.0,13974.5,55025.5
1970,1970,15,1,54500.0,7008.21,47491.79
1971,1971,7,1,36500.0,3646.0,32854.0
1972,1972,14,1,48500.0,5744.59,42755.41
1973,1973,19,1,49500.0,4153.95,45346.05
1974,1974,18,1,82000.0,16023.6,65976.4
1975,1975,19,1,49500.0,6318.7,43181.3
1976,1976,19,1,49500.0,4793.8,44706.2
1977,1977,1,2,28500.0,5024.82,51975.18
1978,1978,7,1,36500.0,3126.84,33373.16
1979,1979,19,1,49500.0,4077.11,45422.89
1980,1980,14,1,48500.0,3715.3,44784.7
1981,1981,19,1,49500.0,5620.84,43879.16
1982,1982,17,1,38500.0,4359.31,34140.69
1983,1983,10,1,78500.0,9758.39,68741.61
1984,1984,4,1,46500.0,5904.98,40595.02
1985,1985,8,1,21500.0,2605.75,18894.25
1986,1986,12,1,84500.0,11001.42,73498.58
1987,1987,10,1,78500.0,12343.28,66156.72
1988,1988,19,1,49500.0,5423.9,44076.1
1989,1989,11,1,69000.0,9444.56,59555.44
1990,1990,9,1,44000.0,4447.13,39552.87
1991,1991,18,1,82000.0,12517.14,69482.86
1992,1992,16,1,23000.0,2248.12,20751.88
1993,1993,1,1,28500.0,3406.93,25093.07
1994,1994,15,1,54500.0,5543.65,48956.35
1995,1995,18,2,82000.0,28145.36,135854.64
1996,1996,3,1,34000.0,2803.57,31196.43
1997,1997,9,1,44000.0,4577.92,39422.08
1998,1998,9,1,44000.0,3543.28,40456.72
1999,1999,12,1,84500.0,13051.04,71448.96
2000,2000,4,1,46500.0,4575.73,41924.27
2001,2001,15,1,54500.0,5329.31,49170.69
2002,2002,13,1,56000.0,5100.58,50899.42
2003,2003,20,1,62000.0,6292.0,55708.0
2004,2004,4,1,46500.0,3533.56,42966.44
2005,2005,15,1,54500.0,5756.57,48743.43
2006,2006,4,1,46500.0,4647.07,41852.93
2007,2007,19,1,49500.0,5449.27,44050.73
2008,2008,10,1,78500.0,16568.87,61931.13
2009,2009,16,1,23000.0,2305.56,20694.44
2010,2010,3,1,34000.0,4023.76,29976.24
2011,2011,18,1,82000.0,12627.97,69372.03
2012,2012,9,1,44000.0,4916.91,39083.09
2013,2013,1,1,28500.0,3307.91,25192.09
2014,2014,8,1,21500.0,2013.04,19486.96
2015,2015,18,1,82000.0,16508.82,65491.18
2016,2016,11,1,69000.0,9543.01,59456.99
2017,2017,18,1,82000.0,13920.75,68079.25
2018,2018,4,1,46500.0,5162.3,41337.7
2019,2019,5,1,42000.0,5542.68,36457.32
2020,2020,20,1,62000.0,5512.47,56487.53
2021,2021,18,1,82000.0,15205.49,66794.51
2022,2022,16,1,23000.0,2071.34,20928.66
2023,2023,13,1,56000.0,7232.28,48767.72
2024,2024,2,1,37500.0,3540.8,33959.2
2025,2025,6,1,31000.0,2865.24,28134.76
2026,2026,12,3,84500.0,43258.29,210241.71
2027,2027,9,1,44000.0,4590.42,39409.58
2028,2028,13,1,56000.0,5931.98,50068.02
2029,2029,10,1,78500.0,11476.58,67023.42
2030,2030,6,1,31000.0,3607.91,27392.09
2031,2031,15,2,54500.0,10264.44,98735.56
2032,2032,9,1,44000.0,5179.26,38820.74
2033,2033,1,1,28500.0,2912.88,25587.12
2034,2034,5,1,42000.0,4283.75,37716.25
2035,2035,5,1,42000.0,5344.41,36655.59
2036,2036,18,1,82000.0,15762.06,66237.94
2037,2037,11,1,69000.0,10465.55,58534.45
2038,2038,2,1,37500.0,3214.88,34285.12
2039,2039,16,1,23000.0,2593.41,20406.59
2040,2040,10,1,78500.0,12125.81,66374.19
2041,2041,9,1,44000.0,4462.79,39537.21
2042,2042,17,1,38500.0,4205.77,34294.23
2043,2043,13,1,56000.0,4909.52,51090.48
2044,2044,12,1,84500.0,12624.67,71875.33
2045,2045,1,2,28500.0,5495.82,51504.18
2046,2046,11,1,69000.0,11249.1,57750.9
2047,2047,6,1,31000.0,3446.09,27553.91
2048,2048,5,1,42000.0,5332.52,36667.48
2049,2049,13,1,56000.0,7364.51,48635.49
2050,2050,14,1,48500.0,3744.65,44755.35
2051,2051,6,1,31000.0,3125.06,27874.94
2052,2052,19,2,49500.0,12282.74,86717.26
2053,2053,8,1,21500.0,2379.06,19120.94
2054,2054,9,2,44000.0,11060.86,76939.14
2055,2055,10,1,78500.0,12669.04,65830.96
2056,2056,6,1,31000.0,2587.94,28412.06
2057,2057,14,1,48500.0,4913.83,43586.17
2058,2058,8,1,21500.0,1807.87,19692.13
2059,2059,20,1,62000.0,5898.96,56101.04
2060,2060,20,1,62000.0,5727.05,56272.95
2061,2061,16,1,23000.0,3745.23,19254.77
2062,2062,15,1,54500.0,8581.45,45918.55
2063,2063,4,1,46500.0,6311.23,40188.77
2064,2064,9,1,44000.0,6828.49,37171.51
2065,2065,16,1,23000.0,3602.15,19397.85
2066,2066,10,1,78500.0,16238.01,62261.99
2067,2067,20,1,62000.0,7054.67,54945.33
2068,2068,18,1,82000.0,18963.44,63036.56
2069,2069,17,1,38500.0,5018.83,33481.17
2070,2070,20,1,62000.0,6710.57,55289.43
2071,2071,13,3,56000.0,19425.0,148575.0
2072,2072,12,3,84500.0,39423.36,214076.64
2073,2073,17,1,38500.0,4617.28,33882.72
2074,2074,19,1,49500.0,5713.39,43786.61
2075,2075,8,1,21500.0,3081.2,18418.8
2076,2076,11,1,69000.0,13353.4,55646.6
2077,2077,7,1,36500.0,3872.77,32627.23
2078,2078,2,1,37500.0,5213.36,32286.64
2079,2079,19,1,49500.0,5762.7,43737.3
2080,2080,12,1,84500.0,16704.76,67795.24
2081,2081,12,1,84500.0,15396.97,69103.03
2082,2082,8,1,21500.0,2383.68,19116.32
2083,2083,10,1,78500.0,15267.22,63232.78
2084,2084,8,2,21500.0,6869.72,36130.28
2085,2085,6,1,31000.0,3799.54,27200.46
2086,2086,10,1,78500.0,16640.5,61859.5
2087,2087,4,1,46500.0,5458.07,41041.93
2088,2088,15,1,54500.0,6253.33,48246.67
2089,2089,19,1,49500.0,7902.99,41597.01
2090,2090,15,2,54500.0,12573.34,96426.66
2091,2091,5,1,42000.0,5102.37,36897.63
2092,2092,18,1,82000.0,13357.41,68642.59
2093,2093,10,1,78500.0,14402.5,64097.5
2094,2094,4,1,46500.0,5150.7,41349.3
2095,2095,2,2,37500.0,10750.38,64249.62
2096,2096,9,1,44000.0,6306.24,37693.76
2097,2097,4,1,46500.0,7536.25,38963.75
2098,2098,7,1,36500.0,5085.83,31414.17
2099,2099,17,2,38500.0,9318.08,67681.92
2100,2100,13,1,56000.0,6476.41,49523.59
2101,2101,19,1,49500.0,6184.24,43315.76
2102,2102,19,1,49500.0,7846.5,41653.5
2103,2103,4,1,46500.0,6697.56,39802.44
2104,2104,9,1,44000.0,5249.53,38750.47
2105,2105,17,1,38500.0,5523.2,32976.8
2106,2106,17,1,38500.0,5709.54,32790.46
2107,2107,1,1,28500.0,3805.48,24694.52
2108,2108,6,1,31000.0,4940.81,26059.19
2109,2109,17,2,38500.0,12589.24,64410.76
2110,2110,18,1,82000.0,14036.73,67963.27
2111,2111,12,1,84500.0,17698.61,66801.39
2112,2112,2,1,37500.0,4500.47,32999.53
2113,2113,13,1,56000.0,7585.89,48414.11
2114,2114,17,1,38500.0,6335.02,32164.98
2115,2115,10,1,78500.0,14631.53,63868.47
2116,2116,13,1,56000.0,8106.0,47894.0
2117,2117,4,1,46500.0,6542.47,39957.53
2118,2118,13,1,56000.0,5972.34,50027.66
2119,2119,5,1,42000.0,5818.38,36181.62
2120,2120,1,1,28500.0,4217.72,24282.28
2121,2121,1,1,28500.0,4441.05,24058.95
2122,2122,8,2,21500.0,7086.9,35913.1
2123,2123,11,1,69000.0,13944.36,55055.64
2124,2124,9,1,44000.0,6901.21,37098.79
2125,2125,5,1,42000.0,6870.21,35129.79
2126,2126,10,1,78500.0,16510.7,61989.3
2127,2127,20,1,62000.0,8482.88,53517.12
2128,2128,7,1,36500.0,5324.47,31175.53
2129,2129,15,1,54500.0,6561.98,47938.02
2130,2130,15,1,54500.0,6120.26,48379.74
2131,2131,15,1,54500.0,7827.18,46672.82
2132,2132,18,1,82000.0,15894.65,66105.35
2133,2133,17,1,38500.0,6143.42,32356.58
2134,2134,1,1,28500.0,4629.94,23870.06
2135,2135,3,1,34000.0,3797.49,30202.51
2136,2136,15,1,54500.0,7985.58,46514.42
2137,2137,4,1,46500.0,6133.33,40366.67
2138,2138,14,1,48500.0,7227.45,41272.55
2139,2139,19,1,49500.0,5362.05,44137.95
2140,2140,5,1,42000.0,5342.91,36657.09
2141,2141,8,1,21500.0,3332.65,18167.35
2142,2142,7,1,36500.0,5541.46,30958.54
2143,2143,19,1,49500.0,6846.81,42653.19
2144,2144,9,1,44000.0,6048.13,37951.87
2145,2145,14,1,48500.0,5837.6,42662.4
2146,2146,19,1,49500.0,6188.51,43311.49
2147,2147,17,1,38500.0,4185.67,34314.33
2148,2148,1,1,28500.0,3349.04,25150.96
2149,2149,1,1,28500.0,4183.86,24316.14
2150,2150,8,1,21500.0,3030.92,18469.08
2151,2151,20,1,62000.0,10203.14,51796.86
2152,2152,16,1,23000.0,2908.0,20092.0
2153,2153,17,1,38500.0,5731.18,32768.82
2154,2154,6,1,31000.0,3548.77,27451.23
2155,2155,8,1,21500.0,3170.05,18329.95
2156,2156,4,1,46500.0,6242.88,40257.12
2157,2157,11,1,69000.0,12222.45,56777.55
2158,2158,2,1,37500.0,6020.77,31479.23
2159,2159,2,1,37500.0,5922.58,31577.42
2160,2160,3,1,34000.0,5583.69,28416.31
2161,2161,20,1,62000.0,9671.84,52328.16
2162,2162,14,1,48500.0,5547.87,42952.13
2163,2163,7,1,36500.0,4714.76,31785.24
2164,2164,17,1,38500.0,6338.41,32161.59
2165,2165,14,1,48500.0,5261.62,43238.38
2166,2166,16,2,23000.0,6505.18,39494.82
2167,2167,2,1,37500.0,4807.78,32692.22
2168,2168,18,1,82000.0,17222.79,64777.21
2169,2169,16,1,23000.0,3433.46,19566.54
2170,2170,9,1,44000.0,6641.59,37358.41
2171,2171,13,1,56000.0,9170.95,46829.05
2172,2172,3,1,34000.0,5419.27,28580.73
2173,2173,8,1,21500.0,3026.3,18473.7
2174,2174,17,1,38500.0,5041.39,33458.61
2175,2175,9,1,44000.0,7191.15,36808.85
2176,2176,10,1,78500.0,14318.49,64181.51
2177,2177,19,1,49500.0,6030.25,43469.75
2178,2178,12,1,84500.0,19891.34,64608.66
2179,2179,11,1,69000.0,11975.56,57024.44
2180,2180,7,1,36500.0,5766.0,30734.0
2181,2181,18,1,82000.0,19149.2,62850.8
2182,2182,3,1,34000.0,4235.5,29764.5
2183,2183,18,1,82000.0,14658.08,67341.92
2184,2184,20,1,62000.0,10109.69,51890.31
2185,2185,15,1,54500.0,8834.66,45665.34
2186,2186,20,1,62000.0,10146.4,51853.6
2187,2187,18,1,82000.0,15191.35,66808.65
2188,2188,10,1,78500.0,16488.76,62011.24
2189,2189,8,1,21500.0,2701.87,18798.13
2190,2190,2,1,37500.0,5739.69,31760.31
2191,2191,17,1,38500.0,5509.59,32990.41
2192,2192,10,1,78500.0,14489.97,64010.03
2193,2193,5,1,42000.0,6387.18,35612.82
2194,2194,20,1,62000.0,6690.19,55309.81
2195,2195,4,1,46500.0,7240.94,39259.06
2196,2196,12,1,84500.0,16348.87,68151.13
2197,2197,14,1,48500.0,7390.74,41109.26
2198,2198,4,1,46500.0,5667.02,40832.98
2199,2199,15,1,54500.0,6224.64,48275.36
2200,2200,6,1,31000.0,4118.24,26881.76
2201,2201,17,1,38500.0,6297.29,32202.71
2202,2202,6,1,31000.0,4228.97,26771.03
2203,2203,6,1,31000.0,4195.2,26804.8
2204,2204,5,1,42000.0,6591.28,35408.72
2205,2205,20,1,62000.0,8777.88,53222.12
2206,2206,17,1,38500.0,6086.92,32413.08
2207,2207,15,1,54500.0,6165.58,48334.42
2208,2208,19,1,49500.0,6996.85,42503.15
2209,2209,11,1,69000.0,15249.03,53750.97
2210,2210,7,1,36500.0,5397.05,31102.95
2211,2211,10,3,78500.0,46078.02,189421.98
2212,2212,17,1,38500.0,4676.0,33824.0
2213,2213,8,1,21500.0,3111.74,18388.26
2214,2214,13,1,56000.0,7803.78,48196.22
2215,2215,8,1,21500.0,2924.13,18575.87
2216,2216,10,1,78500.0,13156.26,65343.74
2217,2217,18,1,82000.0,15142.53,66857.47
2218,2218,9,1,44000.0,6895.08,37104.92
2219,2219,17,1,38500.0,5412.05,33087.95
2220,2220,15,1,54500.0,8541.88,45958.12
2221,2221,7,1,36500.0,3956.23,32543.77
2222,2222,13,1,56000.0,8160.62,47839.38
2223,2223,6,1,31000.0,3529.71,27470.29
2224,2224,2,1,37500.0,4657.23,32842.77
2225,2225,7,1,36500.0,5402.84,31097.16
2226,2226,19,1,49500.0,5753.77,43746.23
2227,2227,15,1,54500.0,5789.44,48710.56
2228,2228,15,1,54500.0,7440.23,47059.77
2229,2229,7,1,36500.0,4432.45,32067.55
2230,2230,1,2,28500.0,8024.82,48975.18
2231,2231,12,1,84500.0,18063.69,66436.31
2232,2232,11,1,69000.0,13844.46,55155.54
2233,2233,9,1,44000.0,5346.61,38653.39
2234,2234,11,1,69000.0,15357.5,53642.5
2235,2235,6,1,31000.0,3986.82,27013.18
2236,2236,1,1,28500.0,3092.09,25407.91
2237,2237,15,1,54500.0,8578.92,45921.08
2238,2238,9,1,44000.0,6570.2,37429.8
2239,2239,13,1,56000.0,7780.79,48219.21
2240,2240,3,1,34000.0,3907.78,30092.22
2241,2241,16,3,23000.0,11210.04,57789.96
2242,2242,13,1,56000.0,8626.07,47373.93
2243,2243,9,1,44000.0,5739.76,38260.24
2244,2244,18,1,82000.0,16388.99,65611.01
2245,2245,19,1,49500.0,7890.88,41609.12
2246,2246,6,1,31000.0,4498.1,26501.9
2247,2247,10,1,78500.0,14476.5,64023.5
2248,2248,11,1,69000.0,16151.42,52848.58
2249,2249,14,1,48500.0,7698.98,40801.02
2250,2250,9,1,44000.0,5353.45,38646.55
2251,2251,1,1,28500.0,4306.98,24193.02
2252,2252,8,1,21500.0,2505.93,18994.07
2253,2253,14,1,48500.0,7306.3,41193.7
2254,2254,11,1,69000.0,13264.44,55735.56
2255,2255,17,1,38500.0,5149.0,33351.0
2256,2256,17,2,38500.0,11040.8,65959.2
2257,2257,13,1,56000.0,7726.33,48273.67
2258,2258,19,1,49500.0,5652.3,43847.7
2259,2259,19,1,49500.0,5893.47,43606.53
2260,2260,8,1,21500.0,3364.19,18135.81
2261,2261,19,1,49500.0,7431.95,42068.05
2262,2262,7,2,36500.0,8697.84,64302.16
2263,2263,3,1,34000.0,5016.69,28983.31
2264,2264,15,1,54500.0,7953.8,46546.2
2265,2265,13,1,56000.0,8183.9,47816.1
2266,2266,14,1,48500.0,7627.36,40872.64
2267,2267,2,1,37500.0,5191.02,32308.98
2268,2268,11,2,69000.0,26794.84,111205.16
2269,2269,7,1,36500.0,5525.75,30974.25
2270,2270,12,1,84500.0,12478.52,72021.48
2271,2271,10,1,78500.0,16771.42,61728.58
2272,2272,2,1,37500.0,5395.4,32104.6
2273,2273,12,1,84500.0,19958.87,64541.13
2274,2274,8,1,21500.0,2447.4,19052.6
2275,2275,18,1,82000.0,12568.99,69431.01
2276,2276,4,1,46500.0,7372.06,39127.94
2277,2277,13,1,56000.0,7093.64,48906.36
2278,2278,2,1,37500.0,4857.23,32642.77
2279,2279,19,1,49500.0,6515.67,42984.33
2280,2280,1,1,28500.0,3045.55,25454.45
2281,2281,20,1,62000.0,9742.24,52257.76
2282,2282,6,1,31000.0,3539.94,27460.06
2283,2283,14,1,48500.0,7835.61,40664.39
2284,2284,17,1,38500.0,5706.72,32793.28
2285,2285,16,1,23000.0,3512.09,19487.91
2286,2286,3,1,34000.0,4848.16,29151.84
2287,2287,1,1,28500.0,3779.77,24720.23
2288,2288,4,1,46500.0,7205.61,39294.39
2289,2289,16,1,23000.0,2515.27,20484.73
2290,2290,6,1,31000.0,4689.73,26310.27
2291,2291,19,1,49500.0,7842.93,41657.07
2292,2292,3,1,34000.0,4568.22,29431.78
2293,2293,18,1,82000.0,16114.99,65885.01
2294,2294,12,1,84500.0,16552.05,67947.95
2295,2295,3,1,34000.0,4009.27,29990.73
2296,2296,13,1,56000.0,6156.75,49843.25
2297,2297,14,1,48500.0,7674.89,40825.11
2298,2298,5,1,42000.0,6774.67,35225.33
2299,2299,17,1,38500.0,6200.57,32299.43
2300,2300,9,1,44000.0,5510.83,38489.17
2301,2301,11,1,69000.0,13675.31,55324.69
2302,2302,6,2,31000.0,6530.24,55469.76
2303,2303,13,1,56000.0,6077.08,49922.92
2304,2304,4,1,46500.0,7258.59,39241.41
2305,2305,6,1,31000.0,3430.11,27569.89
2306,2306,16,3,23000.0,7926.72,61073.28
2307,2307,16,1,23000.0,2536.97,20463.03
2308,2308,6,1,31000.0,3283.51,27716.49
2309,2309,18,1,82000.0,14028.31,67971.69
2310,2310,10,1,78500.0,13978.59,64521.41
2311,2311,18,1,82000.0,15044.21,66955.79
2312,2312,2,1,37500.0,4153.98,33346.02
2313,2313,20,1,62000.0,9273.57,52726.43
2314,2314,5,1,42000.0,5110.0,36890.0
2315,2315,14,1,48500.0,6980.42,41519.58
2316,2316,17,1,38500.0,4622.04,33877.96
2317,2317,19,3,49500.0,22646.16,125853.84
2318,2318,18,1,82000.0,13171.01,68828.99
2319,2319,15,1,54500.0,6796.31,47703.69
2320,2320,9,1,44000.0,7111.37,36888.63
2321,2321,13,1,56000.0,7894.2,48105.8
2322,2322,17,1,38500.0,5465.0,33035.0
2323,2323,18,2,82000.0,31964.52,132035.48
2324,2324,3,1,34000.0,4116.77,29883.23
2325,2325,9,1,44000.0,5128.93,38871.07
2326,2326,1,1,28500.0,3753.85,24746.15
2327,2327,2,1,37500.0,4157.35,33342.65
2328,2328,12,1,84500.0,17142.29,67357.71
2329,2329,4,1,46500.0,6352.43,40147.57
2330,2330,14,1,48500.0,7520.89,40979.11
2331,2331,5,1,42000.0,6366.1,35633.9
2332,2332,11,1,69000.0,15568.59,53431.41
2333,2333,8,1,21500.0,2907.47,18592.53
2334,2334,15,1,54500.0,8205.17,46294.83
2335,2335,11,1,69000.0,13566.59,55433.41
2336,2336,18,1,82000.0,17770.24,64229.76
2337,2337,14,1,48500.0,6809.58,41690.42
2338,2338,6,1,31000.0,3685.03,27314.97
2339,2339,18,3,82000.0,48776.28,197223.72
2340,2340,7,1,36500.0,4301.31,32198.69
2341,2341,7,1,36500.0,5171.07,31328.93
2342,2342,8,1,21500.0,3493.37,18006.63
2343,2343,16,1,23000.0,3039.98,19960.02
2344,2344,18,1,82000.0,16961.1,65038.9
2345,2345,3,1,34000.0,4547.95,29452.05
2346,2346,4,1,46500.0,7093.0,39407.0
2347,2347,9,4,44000.0,22443.4,153556.6
2348,2348,18,1,82000.0,18509.81,63490.19
2349,2349,1,2,28500.0,9019.74,47980.26
2350,2350,9,1,44000.0,6595.29,37404.71
2351,2351,9,1,44000.0,5621.95,38378.05
2352,2352,8,1,21500.0,2854.8,18645.2
2353,2353,6,1,31000.0,4715.68,26284.32
2354,2354,19,1,49500.0,8026.72,41473.28
2355,2355,9,1,44000.0,5306.67,38693.33
2356,2356,13,1,56000.0,6858.5,49141.5
2357,2357,19,1,49500.0,6609.62,42890.38
2358,2358,20,1,62000.0,8154.46,53845.54
2359,2359,14,1,48500.0,6965.84,41534.16
2360,2360,16,1,23000.0,2456.55,20543.45
2361,2361,15,1,54500.0,7042.54,47457.46
2362,2362,17,1,38500.0,5811.98,32688.02
2363,2363,10,1,78500.0,15920.88,62579.12
2364,2364,6,1,31000.0,4277.27,26722.73
2365,2365,15,1,54500.0,7508.37,46991.63
2366,2366,1,1,28500.0,3949.81,24550.19
2367,2367,13,1,56000.0,9133.86,46866.14
2368,2368,9,2,44000.0,13280.44,74719.56
2369,2369,16,1,23000.0,2594.16,20405.84
2370,2370,6,2,31000.0,10064.32,51935.68
2371,2371,4,1,46500.0,6364.09,40135.91
2372,2372,1,1,28500.0,4074.9,24425.1
2373,2373,5,1,42000.0,6441.49,35558.51
2374,2374,20,1,62000.0,6856.69,55143.31
2375,2375,3,1,34000.0,4694.88,29305.12
2376,2376,19,1,49500.0,7695.96,41804.04
2377,2377,8,1,21500.0,3323.54,18176.46
2378,2378,5,1,42000.0,6876.63,35123.37
2379,2379,18,2,82000.0,26875.42,137124.58
2380,2380,7,1,36500.0,5470.5,31029.5
2381,2381,14,1,48500.0,6892.15,41607.85
2382,2382,7,1,36500.0,4601.89,31898.11
2383,2383,11,1,69000.0,10994.9,58005.1
2384,2384,1,1,28500.0,3991.92,24508.08
2385,2385,16,1,23000.0,3289.95,19710.05
2386,2386,6,1,31000.0,3898.92,27101.08
2387,2387,20,1,62000.0,7413.77,54586.23
2388,2388,1,4,28500.0,16613.36,97386.64
2389,2389,16,1,23000.0,3286.0,19714.0
2390,2390,8,1,21500.0,3413.29,18086.71
2391,2391,5,1,42000.0,4525.03,37474.97
2392,2392,12,1,84500.0,13469.37,71030.63
2393,2393,7,1,36500.0,5824.92,30675.08
2394,2394,5,1,42000.0,4577.03,37422.97
2395,2395,1,1,28500.0,3121.15,25378.85
2396,2396,15,1,54500.0,6411.8,48088.2
2397,2397,8,1,21500.0,3211.44,18288.56
2398,2398,20,1,62000.0,7122.02,54877.98
2399,2399,15,1,54500.0,7865.34,46634.66
2400,2400,12,1,84500.0,19469.33,65030.67
2401,2401,20,1,62000.0,8682.39,53317.61
2402,2402,7,1,36500.0,4411.9,32088.1
2403,2403,15,1,54500.0,6857.9,47642.1
2404,2404,17,1,38500.0,5508.55,32991.45
2405,2405,9,1,44000.0,6080.95,37919.05
2406,2406,1,1,28500.0,3509.92,24990.08
2407,2407,13,1,56000.0,7615.55,48384.45
2408,2408,7,1,36500.0,5646.09,30853.91
2409,2409,17,1,38500.0,4275.46,34224.54
2410,2410,17,1,38500.0,5521.08,32978.92
2411,2411,8,1,21500.0,3326.54,18173.46
2412,2412,4,1,46500.0,6615.05,39884.95
2413,2413,20,1,62000.0,10143.2,51856.8
2414,2414,13,1,56000.0,8539.68,47460.32
2415,2415,7,1,36500.0,3966.61,32533.39
2416,2416,18,1,82000.0,15256.56,66743.44
2417,2417,20,1,62000.0,9185.55,52814.45
2418,2418,13,1,56000.0,6349.92,49650.08
2419,2419,4,1,46500.0,4902.09,41597.91
2420,2420,11,1,69000.0,14213.85,54786.15
2421,2421,13,1,56000.0,6979.02,49020.98
2422,2422,3,1,34000.0,4683.07,29316.93
2423,2423,5,1,42000.0,5133.08,36866.92
2424,2424,9,1,44000.0,6810.47,37189.53
2425,2425,19,1,49500.0,7100.91,42399.09
2426,2426,15,1,54500.0,8925.94,45574.06
2427,2427,16,1,23000.0,3201.49,19798.51
2428,2428,3,1,34000.0,4865.84,29134.16
2429,2429,5,1,42000.0,6480.0,35520.0
2430,2430,11,1,69000.0,12509.47,56490.53
2431,2431,4,1,46500.0,6904.02,39595.98
2432,2432,19,1,49500.0,7389.18,42110.82
2433,2433,3,1,34000.0,5560.1,28439.9
2434,2434,12,1,84500.0,19707.06,64792.94
2435,2435,19,1,49500.0,7633.0,41867.0
2436,2436,8,1,21500.0,2934.07,18565.93
2437,2437,7,1,36500.0,5825.99,30674.01
2438,2438,20,1,62000.0,9765.92,52234.08
2439,2439,13,1,56000.0,8334.8,47665.2
2440,2440,19,1,49500.0,5962.17,43537.83
2441,2441,14,1,48500.0,7965.51,40534.49
2442,2442,20,3,62000.0,24511.41,161488.59
2443,2443,15,1,54500.0,5727.2,48772.8
2444,2444,10,1,78500.0,17208.67,61291.33
2445,2445,16,1,23000.0,3653.6,19346.4
2446,2446,18,1,82000.0,17956.52,64043.48
2447,2447,18,2,82000.0,30729.3,133270.7
2448,2448,17,2,38500.0,9995.94,67004.06
2449,2449,17,1,38500.0,5135.07,33364.93
2450,2450,17,1,38500.0,4848.97,33651.03
2451,2451,16,1,23000.0,3080.69,19919.31
2452,2452,5,1,42000.0,5114.11,36885.89
2453,2453,14,1,48500.0,6377.23,42122.77
2454,2454,12,3,84500.0,43448.37,210051.63
2455,2455,3,1,34000.0,5451.93,28548.07
2456,2456,13,1,56000.0,6426.21,49573.79
2457,2457,5,1,42000.0,4762.65,37237.35
2458,2458,6,1,31000.0,4028.31,26971.69
2459,2459,7,1,36500.0,5402.3,31097.7
2460,2460,13,1,56000.0,9219.22,46780.78
2461,2461,7,1,36500.0,4050.7,32449.3
2462,2462,9,1,44000.0,5168.69,38831.31
2463,2463,6,1,31000.0,4576.25,26423.75
2464,2464,12,1,84500.0,16906.81,67593.19
2465,2465,7,2,36500.0,10534.5,62465.5
2466,2466,20,1,62000.0,10205.49,51794.51
2467,2467,6,1,31000.0,4301.08,26698.92
2468,2468,4,1,46500.0,6455.59,40044.41
2469,2469,9,1,44000.0,7190.29,36809.71
2470,2470,4,1,46500.0,6151.9,40348.1
2471,2471,16,1,23000.0,3609.18,19390.82
2472,2472,2,1,37500.0,4173.84,33326.16
2473,2473,3,1,34000.0,5294.07,28705.93
2474,2474,4,1,46500.0,5634.6,40865.4
2475,2475,3,1,34000.0,5003.02,28996.98
2476,2476,12,1,84500.0,15052.3,69447.7
2477,2477,9,1,44000.0,5696.85,38303.15
2478,2478,1,1,28500.0,3936.12,24563.88
2479,2479,7,1,36500.0,5671.04,30828.96
2480,2480,16,1,23000.0,3391.62,19608.38
2481,2481,6,1,31000.0,5099.4,25900.6
2482,2482,19,1,49500.0,7757.04,41742.96
2483,2483,16,1,23000.0,2950.26,20049.74
2484,2484,14,1,48500.0,5664.65,42835.35
2485,2485,8,1,21500.0,2524.82,18975.18
2486,2486,5,1,42000.0,5824.71,36175.29
2487,2487,12,1,84500.0,16582.46,67917.54
2488,2488,6,1,31000.0,4457.16,26542.84
2489,2489,14,1,48500.0,6166.24,42333.76
2490,2490,10,2,78500.0,32879.06,124120.94
2491,2491,2,1,37500.0,4496.3,33003.7
2492,2492,8,1,21500.0,2438.4,19061.6
2493,2493,3,1,34000.0,5287.44,28712.56
2494,2494,16,1,23000.0,2672.14,20327.86
2495,2495,5,1,42000.0,4821.58,37178.42
2496,2496,2,1,37500.0,6186.47,31313.53
2497,2497,13,1,56000.0,5965.74,50034.26
2498,2498,12,1,84500.0,15571.77,68928.23
2499,2499,12,2,84500.0,28324.64,140675.36
2500,2500,3,1,34000.0,4635.67,29364.33
2501,2501,4,1,46500.0,5838.8,40661.2
2502,2502,12,2,84500.0,32534.18,136465.82
2503,2503,4,1,46500.0,7384.26,39115.74
2504,2504,15,1,54500.0,5835.26,48664.74
2505,2505,16,1,23000.0,3564.75,19435.25
2506,2506,17,1,38500.0,4469.23,34030.77
2507,2507,15,1,54500.0,8406.61,46093.39
2508,2508,2,1,37500.0,4689.62,32810.38
2509,2509,9,1,44000.0,5983.97,38016.03
2510,2510,13,1,56000.0,6159.7,49840.3
2511,2511,17,1,38500.0,4937.34,33562.66
2512,2512,2,1,37500.0,5471.95,32028.05
2513,2513,13,1,56000.0,8136.61,47863.39
2514,2514,7,1,36500.0,5620.03,30879.97
2515,2515,2,1,37500.0,4701.96,32798.04
2516,2516,19,1,49500.0,7954.04,41545.96
2517,2517,13,1,56000.0,9080.49,46919.51
2518,2518,14,1,48500.0,6528.05,41971.95
2519,2519,4,1,46500.0,7021.94,39478.06
2520,2520,7,1,36500.0,5890.34,30609.66
2521,2521,7,1,36500.0,5694.71,30805.29
2522,2522,6,1,31000.0,4368.13,26631.87
2523,2523,8,1,21500.0,2589.14,18910.86
2524,2524,5,1,42000.0,5079.97,36920.03
2525,2525,14,1,48500.0,7657.8,40842.2
2526,2526,9,1,44000.0,5418.0,38582.0
2527,2527,14,1,48500.0,6401.39,42098.61
2528,2528,7,1,36500.0,4322.75,32177.25
2529,2529,8,1,21500.0,3261.01,18238.99
2530,2530,6,1,31000.0,3786.05,27213.95
2531,2531,9,1,44000.0,6560.79,37439.21
2532,2532,6,1,31000.0,4039.07,26960.93
2533,2533,10,1,78500.0,15068.98,63431.02
2534,2534,7,1,36500.0,4325.53,32174.47
2535,2535,17,1,38500.0,5650.31,32849.69
2536,2536,4,1,46500.0,6355.1,40144.9
2537,2537,12,1,84500.0,15085.7,69414.3
2538,2538,11,2,69000.0,22966.74,115033.26
2539,2539,5,1,42000.0,6859.69,35140.31
2540,2540,9,1,44000.0,5961.92,38038.08
2541,2541,16,1,23000.0,3069.22,19930.78
2542,2542,1,1,28500.0,4528.34,23971.66
2543,2543,13,1,56000.0,9119.79,46880.21
2544,2544,16,2,23000.0,6297.5,39702.5
2545,2545,8,1,21500.0,3240.02,18259.98
2546,2546,7,1,36500.0,4485.99,32014.01
2547,2547,7,1,36500.0,5169.13,31330.87
2548,2548,8,1,21500.0,2917.26,18582.74
2549,2549,15,1,54500.0,8660.89,45839.11
2550,2550,14,1,48500.0,6592.78,41907.22
2551,2551,8,2,21500.0,5691.74,37308.26
2552,2552,3,1,34000.0,4048.48,29951.52
2553,2553,4,1,46500.0,6066.01,40433.99
2554,2554,13,1,56000.0,6303.22,49696.78
2555,2555,14,1,48500.0,6138.08,42361.92
2556,2556,10,1,78500.0,15654.16,62845.84
2557,2557,17,1,38500.0,6233.84,32266.16
2558,2558,20,1,62000.0,7244.4,54755.6
2559,2559,7,1,36500.0,5995.61,30504.39
2560,2560,7,1,36500.0,4549.74,31950.26
2561,2561,1,1,28500.0,3725.4,24774.6
2562,2562,18,1,82000.0,16612.33,65387.67
2563,2563,1,2,28500.0,7366.02,49633.98
2564,2564,1,1,28500.0,3462.33,25037.67
2565,2565,14,2,48500.0,13688.94,83311.06
2566,2566,9,1,44000.0,6529.5,37470.5
2567,2567,9,1,44000.0,7227.31,36772.69
2568,2568,9,1,44000.0,6917.25,37082.75
2569,2569,5,1,42000.0,4878.13,37121.87
2570,2570,12,1,84500.0,19879.59,64620.41
